"Sample"	"Site_feature"	"Region"	"Culture"	"Culture2"	"Publication"	"Latitude"	"Longitude"	"qpAdm Grouping"	"1st Degree Relatives"	"GeneticSex"	"Number of Libraries"	"Library Type"	"Lib ID"	" Number of SNPs hit 1240K "	" Number of SNPs hit Autosomes of 1240K "	"ANGSD Xchrom Contamination for Males (MoM Method2_new_llh)"	"ANGSD SE(MoM)"	"Schmutzi Mitochondrial Contamination Estimate (* denotes contamLD nuclear contmination estimate)"	"Dating ID"	"BP (if directly dated)"	"± (if directly dated)"	"2-sigma high"	"2-sigma low"	"C14 notes"	"Mitochondrial Haplogroup"	"Ychrom Haplogroup"	"Ychrom notes"
"HOP001"	"Hostivice_17"	"Bohemia"	"Bell Beaker"	"Bell Beaker"	"This study"	50.080377	14.27686	"Bohemia_BB_Late"		"Male"	1	"double stranded"	"HOP001.B0101.TF1.1"	982920	935389	0.004488	0.00177	"1-3%"	"MAMS-30798"	3837	24	2455	2202	"direct"	"J1c2r"	"R1b - P312"	"U152, L2/S139, DF1/L513/S215"
"HOP002"	"Hostivice_19"	"Bohemia"	"Bell Beaker"	"Bell Beaker"	"This study"	50.080377	14.27686	"Bohemia_BB_Late"		"Female"	1	"double stranded"	"HOP002.A0101.TF1.1"	126243	121930	"NA"	"NA"	"1-2%"	"MAMS-30799"	3795	25	2294	2141	"direct"	"U5b"		
"HOP003"	"Hostivice_20"	"Bohemia"	"Bell Beaker"	"Bell Beaker"	"This study"	50.080377	14.27686	"Bohemia_BB_Late"		"Male"	1	"double stranded"	"HOP003.A0101.TF1.1"	854002	817409	0.004795	0.00243	"0-2%"	"NA"	"NA"	"NA"	2500	2100	"inferred"	"J1c7"	"R1b - P312"	"L2/S139"
"HOP004"	"Hostivice_22"	"Bohemia"	"Bell Beaker"	"Bell Beaker"	"This study"	50.080377	14.27686	"Bohemia_BB_Late"		"Female"	1	"double stranded"	"HOP004.A0101.TF1.1"	811108	782832	"NA"	"NA"	"1-2%"	"MAMS-38921"	3826	27	2450	2150	"direct"	"HV"		
"KO1003"	"Kolín II_4071"	"Bohemia"	"Bell Beaker"	"Bell Beaker"	"This study"	50.025608	15.169166	"Bohemia_BB_Late"		"Male"	1	"double stranded"	"KO1003.B0101.TF1.1"	888812	848186	0.007172	0.00232	"0-2%"	"MAMS-30782"	3783	25	2287	2140	"direct"	"HV"	"R1b - P312"	"L2/S139"
"KO1004"	"Kolín II_4073"	"Bohemia"	"Bell Beaker"	"Bell Beaker"	"This study"	50.025608	15.169166	"Bohemia_BB_Late"		"Male"	1	"double stranded"	"KO1004.B0101.TF1.1"	843800	806345	0.004	0.00203	"1-2%"	"MAMS-30783"	3787	24	2288	2141	"direct"	"T2b11"	"R1b - P312"	"L2/S139"
"KO1005"	"Kolín II_4074"	"Bohemia"	"Bell Beaker"	"Bell Beaker"	"This study"	50.025608	15.169166	"Bohemia_BB_Late"		"Female"	1	"double stranded"	"KO1005.B0101.TF1.1"	687926	663831	"NA"	"NA"	"1-2%"	"MAMS-30784"	3892	24	2464	2299	"direct"	"H1"		
"KOP001"	"Kolín VI_4986"	"Bohemia"	"Bell Beaker"	"Bell Beaker"	"This study"	50.011045	15.213159	"Bohemia_BB_Late"		"Female"	1	"double stranded"	"KOP001.B0101.TF1.1"	458145	441373	"NA"	"NA"	"1-2%"	"NA"	"NA"	"NA"	2400	2200	"inferred"	"U3a1"		
"KOP002"	"Kolín VI_4989"	"Bohemia"	"Bell Beaker"	"Bell Beaker"	"This study"	50.011045	15.213159	"Bohemia_BB_Late"		"Male"	2	"double stranded"	"KOP002.merged"	576257	554873	0.00872	0.00494	"1-2%"	"NA"	"NA"	"NA"	2400	2200	"inferred"	"U5a2b"	"R1b - P312"	"L2/S139"
"KOP003"	"Kolín VI_5216"	"Bohemia"	"Bell Beaker"	"Bell Beaker"	"This study"	50.011045	15.213159	"Bohemia_BB_Late"		"Male"	2	"double stranded"	"KOP003.merged"	545058	525407	0.003651	0.00472	"0-2%"	"MAMS-30791"	3907	24	2470	2306	"direct"	"HV15"	"R1b - P312"	"L2/S139"
"PRU001"		"Bohemia"	"Bell Beaker"	"Bell Beaker"	"This study"	50.078134	14.312195	"Bohemia_BB_Late"		"Female"	1	"double stranded"	"PRU001.A0101.TF1.1"	520302	502272	"NA"	"NA"	"1-2%"	"MAMS-38482"	3893	25	2465	2299	"direct"	"HV9"		
"PRU002"		"Bohemia"	"Bell Beaker"	"Bell Beaker"	"This study"	50.078134	14.312195	"Bohemia_BB_Early"		"Female"	1	"double stranded"	"PRU002.A0101.TF1.1"	666714	643378	"NA"	"NA"	"1-2%"	"MAMS-30800"	3995	23	2571	2470	"direct"	"K1a3a"		
"PRU003"		"Bohemia"	"Bell Beaker"	"Bell Beaker"	"This study"	50.078134	14.312195	"Bohemia_BB_Early"		"Female"	1	"double stranded"	"PRU003.B0101.TF1.1"	601781	580719	"NA"	"NA"	"1-2%"	"MAMS-30801"	3957	24	2567	2350	"direct"	"T2b"		
"PRU004"		"Bohemia"	"Bell Beaker"	"Bell Beaker"	"This study"	50.078134	14.312195	"Bohemia_BB_Late"		"Male"	1	"double stranded"	"PRU004.B0101.TF1.1"	614148	588554	0.006319	0.00355	"1-2%"	"MAMS-44707"	3848	24	2456	2207	"direct"	"H4a1a1a"	"R1b - P312"	"L2/S139"
"PRU005"		"Bohemia"	"Bell Beaker"	"Bell Beaker"	"This study"	50.078134	14.312195	"Bohemia_BB_Late"		"Female"	1	"double stranded"	"PRU005.B0101.TF1.1"	346311	334641	"NA"	"NA"	"1-2%"	"NA"	"NA"	"NA"	2550	2250	"inferred"	"N1a1a1a2"		
"TIS001"	"Tišice_77/99"	"Bohemia"	"Bell Beaker"	"Bell Beaker"	"This study"	50.283392	14.539446	"Bohemia_BB_Late"		"Female"	1	"double stranded"	"TIS001.A0101.TF1.1"	81006	78129	"NA"	"NA"	"1-2%"	"MAMS-30796"	3887	25	2464	2296	"direct"	"K1b1a1"		
"TIS002"	"Tišice_5707"	"Bohemia"	"Bell Beaker"	"Bell Beaker"	"This study"	50.283392	14.539446	"Bohemia_BB_Early"		"Female"	2	"double stranded"	"TIS002.merged"	834227	803965	"NA"	"NA"	"0-2%"	"MAMS-30797"	3995	23	2571	2470	"direct"	"H5a1"		
"VLI022"	"Vliněves_4335/H226"	"Bohemia"	"Bell Beaker"	"Bell Beaker"	"This study"	50.365945	14.446606	"Bohemia_BB_Late"		"Female"	1	"double stranded"	"VLI022.A0101.TF1.1"	270514	261043	"NA"	"NA"		"MAMS-30763"	3848	26	2456	2207	"direct"	"U4b1b1"		
"VLI024"	"Vliněves_4340/H228"	"Bohemia"	"Bell Beaker"	"Bell Beaker"	"This study"	50.365945	14.446606	"Bohemia_BB_Late"		"Male"	1	"double stranded"	"VLI024.A0101.TF1.1"	681930	651633	0.004094	0.00285	"1-2%"	"NA"	"NA"	"NA"	2300	2100	"inferred"	"K1a1"	"R1b - P312"	"L2/S139"
"VLI025"	"Vliněves_4392/H234"	"Bohemia"	"Bell Beaker"	"Bell Beaker"	"This study"	50.365945	14.446606	"Bohemia_BB_Late"		"Male"	1	"double stranded"	"VLI025.A0102.TF1.1"	77013	74708	-0.016445	0.0183	"1-2%"	"NA"	"NA"	"NA"	2300	2100	"inferred"	"H5a2"	"R1b - P312"	
"VLI026"	"Vliněves_4464/H244"	"Bohemia"	"Bell Beaker"	"Bell Beaker"	"This study"	50.365945	14.446606	"Bohemia_BB_Late"		"Female"	1	"double stranded"	"VLI026.B0101.TF1.1"	607803	585985	"NA"	"NA"	"1-2%"	"NA"	"NA"	"NA"	2300	2100	"inferred"	"X2b"		
"VLI028"	"Vliněves_4468/H246"	"Bohemia"	"Bell Beaker"	"Bell Beaker"	"This study"	50.365945	14.446606	"Bohemia_BB_Late"		"Male"	1	"double stranded"	"VLI028.A0101.TF1.1"	90254	87155	-0.010055	0.0226	"1-2%"	"NA"	"NA"	"NA"	2300	2100	"inferred"	"J1c"	"R1b - P312"	
"VLI029"	"Vliněves_4471/H248"	"Bohemia"	"Bell Beaker"	"Bell Beaker"	"This study"	50.365945	14.446606	"Bohemia_BB_Late"		"Male"	1	"double stranded"	"VLI029.B0101.TF1.1"	719582	687295	0.004011	0.00241	"2-4%"	"NA"	"NA"	"NA"	2300	2100	"inferred"	"W3a1c"	"R1b - P312"	"L2/S139"
"VLI030"	"Vliněves_4475/H251"	"Bohemia"	"Bell Beaker"	"Bell Beaker"	"This study"	50.365945	14.446606	"Bohemia_BB_Late"		"Male"	1	"double stranded"	"VLI030.B0101.TF1.1"	174844	168658	-0.002144	0.00454	"1-2%"	"NA"	"NA"	"NA"	2300	2100	"inferred"	"U2e1b"	"R1b - P312"	"L2/S139"
"PNL001"	"Plotiště nad Labem_LX"	"Bohemia"	"Corded Ware"	"Corded Ware"	"This study"	50.250195	15.811275	"Bohemia_CW_Early"		"Male"	2	"double stranded"	"PNL001.merged"	637153	612636	0.023956	0.0069	"0-2%"	"MAMS-41376"	4271	25	2914	2879	"direct"	"U5a2a1"	"R1b - U106"	
"VLI031"	"Vliněves_3512-1"	"Bohemia"	"Globular amphorae?"	"Neolithic"	"This study"	50.365945	14.446606	"Bohemia_ME"		"Male"	1	"double stranded"	"VLI031.B0101.TF1.1"	382439	367958	0.004242	0.00674	"1-2%"	"MAMS-41361"	4046	27	2831	2479	"direct"	"J2b1a"	"R1b - V88"	
"VLI007"	"Vliněves_774"	"Bohemia"	"Corded Ware"	"Corded Ware"	"This study"	50.365945	14.446606	"Bohemia_CW_Early"		"Female"	3	"double stranded"	"VLI007.merged"	840834	810760	"NA"	"NA"	"1-2%"	"MAMS-30758"	4196	21	2889	2695	"direct"	"U5a2a1"		
"VLI011"	"Vliněves_4214A"	"Bohemia"	"Corded Ware"	"Corded Ware"	"This study"	50.365945	14.446606	"Bohemia_CW_Early"	"1dRel_VLI015"	"Male"	1	"double stranded"	"VLI011.B0101.TF1.1"	703935	672940	0.008791	0.00323	"1-3%"	"MAMS-44711"	4174	25	2881	2669	"direct"	"W3a1c"	"R1b - L151"	"xU106, xP312"
"VLI015"	"Vliněves_4757"	"Bohemia"	"Corded Ware"	"Corded Ware"	"This study"	50.365945	14.446606	"excluded (kinship)"	"1dRel_VLI011"	"Male"	1	"double stranded"	"VLI015.A0101.TF1.1"	89217	86291	"failed"	"failed"	"1-2%"	"NA"	"NA"	"NA"	2881	2669	"inferred (kinship with VLI011)"	"N2"	"R1b - L151"	"xU106, xP312"
"VLI067"	"Vliněves_1494"	"Bohemia"	"Corded Ware"	"Corded Ware"	"This study"	50.365945	14.446606	"Bohemia_CW_Early"		"Female"	2	"double stranded"	"VLI067.merged"	731150	705799	"NA"	"NA"	"1-2%"	"MAMS-41360"	4173	24	2880	2671	"direct"	"T1a1"		
"KO1002"	"Kolín I_3013"	"Bohemia"	"Corded Ware"	"Corded Ware"	"This study"	50.033343	15.168084	"Bohemia_CW_Early"		"Male"	3	"double stranded"	"KO1002.merged"	1023494	975444	0.012117	0.00917	"1-2%"	"MAMS-38481"	4055	29	2835	2485	"direct"	"X2b4"	"R1b - L151"	"xU106, xP312"
"OBR001"	"Obříství_1-1"	"Bohemia"	"Corded Ware"	"Corded Ware"	"This study"	50.292725	14.484945	"Bohemia_CW_Early"	"1dRel_OBR002"	"Female"	1	"double stranded"	"OBR001.B0101.TF1.1"	175027	169208	"NA"	"NA"	"1-2%"	"MAMS-41363"	4064	23	2835	2492	"direct"	"HV6"		
"OBR004"	"Obříství_372"	"Bohemia"	"Corded Ware"	"Corded Ware"	"This study"	50.292725	14.484945	"Bohemia_CW_Early"		"Female"	1	"double stranded"	"OBR004.B0101.TF1.1"	425801	411063	"NA"	"NA"	"1-2%"	"MAMS-38483"	4048	26	2832	2482	"direct"	"K2a5"		
"OBR003"	"Obříství_166"	"Bohemia"	"Corded Ware"	"Corded Ware"	"This study"	50.292725	14.484945	"Bohemia_CW_Early"		"Male"	1	"double stranded"	"OBR003.F0101.TF1.1"	426482	411103	-0.003598	0.00192		"MAMS-30795"	4259	23	2911	2875	"direct"		"R1b - L151"	"xU106, xP312"
"VLI019"	"Vliněves_8171A"	"Bohemia"	"Corded Ware"	"Corded Ware"	"This study"	50.365945	14.446606	"Bohemia_CW_Late"		"Male"	1	"double stranded"	"VLI019.B0101.TF1.1"	447646	429818	0.003404	0.00482	"1-3%"	"NA"	"NA"	"NA"	2650	2450	"inferred"	"H5c"	"R1a - M417 (xZ645)"	"xZ645, xZ646, xZ647, xZ649, xZ651"
"VLI010"	"Vliněves_1423"	"Bohemia"	"Corded Ware"	"Corded Ware"	"This study"	50.365945	14.446606	"Bohemia_CW_Late"		"Female"	1	"double stranded"	"VLI010.A0101.TF1.1"	660123	636853	"NA"	"NA"	"1-2%"	"MAMS-38472"	4027	25	2618	2475	"direct"	"H5a1"		
"OHR002"	"Praha 5 - Malá Ohrada_26 (Buchv 55)"	"Bohemia"	"Corded Ware"	"Corded Ware"	"This study"	50.04618	14.337021	"Bohemia_CW_Late"		"Female"	1	"double stranded"	"OHR002.B0101.TF1.1"	788630	760269	"NA"	"NA"	"0-2%"	"MAMS-41374"	4017	25	2579	2472	"direct"	"R1a1a"		
"OHR001"	"Praha 5 - Malá Ohrada_10 (Buchv 54)"	"Bohemia"	"Corded Ware"	"Corded Ware"	"This study"	50.04618	14.337021	"Bohemia_CW_Late"		"Male"	1	"double stranded"	"OHR001.A0101.TF1.1"	314342	303895	-0.002395	0.0012	"1-2%"	"MAMS-44709"	3987	25	2571	2467	"direct"	"H"	"R1b - Z2103"	"Z2109"
"VLI020"	"Vliněves_9730"	"Bohemia"	"Corded Ware"	"Corded Ware"	"This study"	50.365945	14.446606	"Bohemia_CW_Late"		"Female"	1	"double stranded"	"VLI020.A0101.TF1.1"	655163	631975	"NA"	"NA"	"1-2%"	"MAMS-30761"	3966	25	2570	2353	"direct"	"I4a"		
"OBR002"	"Obříství_1-2"	"Bohemia"	"Corded Ware"	"Corded Ware"	"This study"	50.292725	14.484945	"excluded (kinship)"	"1dRel_OBR001"	"Female"	1	"double stranded"	"OBR002.A0101.TF1.1"	91125	87878	"NA"	"NA"	"1-2%"	"MAMS-38471"	3941	25	2562	2345	"direct"	"HV6"		
"BUT002"	"Praha 5 - Nové Butovice_33 (Buchv 42)"	"Bohemia"	"Corded Ware"	"Corded Ware"	"This study"	50.052366	14.344968	"Bohemia_CW_Late"		"Female"	1	"double stranded"	"BUT002.A0101.TF1.1"	240661	232184	"NA"	"NA"	"1-2%"	"NA"	"NA"	"NA"	2500	2300	"inferred"	"U5a1a1"		
"ZEL001"	"Zeleneč_18"	"Bohemia"	"Corded Ware"	"Corded Ware"	"This study"	50.137866	14.659928	"Bohemia_CW_Late"		"Female"	1	"double stranded"	"ZEL001.B0101.TF1.1"	352076	340315	"NA"	"NA"	"1-2%"	"NA"	"NA"	"NA"	2500	2300	"inferred"	"N1'5"		
"CAH005"	"Čachovice_12"	"Bohemia"	"Corded Ware"	"Corded Ware"	"This study"	50.373091	13.365431	"Bohemia_CW_Late"		"Male"	1	"double stranded"	"CAH005.B0102.TF1.1"	693528	664477	0.000539	0.00227	"1-2%"	"MAMS-41377"	3917	26	2474	2306	"direct"	"R1b1"	"R1a - M417 (xZ645)"	"xZ650, xZ651"
"VLI016"	"Vliněves_4871"	"Bohemia"	"Corded Ware"	"Corded Ware"	"This study"	50.365945	14.446606	"Bohemia_CW_Late"		"Male"	1	"double stranded"	"VLI016.B0101.TF1.1"	707907	676245	0.003411	0.00232	"0-4%"	"MAMS-38473"	3913	26	2472	2303	"direct"	"K1b1a1"	"R1a - M417 (xZ645)"	"xZ645, xZ646, xZ647, xZ649, xZ650, xZ651"
"VLI017"	"Vliněves_5379"	"Bohemia"	"Corded Ware"	"Corded Ware"	"This study"	50.365945	14.446606	"Bohemia_CW_Late"		"Female"	1	"double stranded"	"VLI017.B0101.TF1.1"	700513	675914	"NA"	"NA"	"1-2%"	"MAMS-38474"	3902	28	2469	2300	"direct"	"X2b"		
"BUT003"	"Praha 5 - Nové Butovice_35 (Buchv 44)"	"Bohemia"	"Corded Ware"	"Corded Ware"	"This study"	50.052366	14.344968	"Bohemia_CW_Late"		"Male"	1	"double stranded"	"BUT003.A0101.TF1.1"	429364	414391	0.012351	0.00826	"0-2%"	"MAMS-41375"	3898	26	2467	2300	"direct"	"H3v"	"R1a - M417 (xZ645)"	"xZ651"
"CAH010"	"Čachovice_47"	"Bohemia"	"Corded Ware"	"Corded Ware"	"This study"	50.373091	13.365431	"Bohemia_CW_Late"		"Female"	1	"double stranded"	"CAH010.B0102.TF1.1"	793971	765544	"NA"	"NA"	"0-2%"	"MAMS-41378"	3853	27	2457	2209	"direct"	"T2a1b1a"		
"VLI070"	"Vliněves_5790"	"Bohemia"	"Corded Ware"	"Corded Ware"	"This study"	50.365945	14.446606	"Bohemia_CW_Late"		"Female"	1	"double stranded"	"VLI070.A0101.TF1.1"	327032	316256	"NA"	"NA"	"1-2%"	"MAMS-46362"	3918	21	2473	2311	"direct"	"U2e1"		
"BNL001"	"Brandýs nad Labem_63-1"	"Bohemia"	"Únětice"	"Early Bronze Age"	"This study"	50.174207	14.646467	"excluded (kinship)"	"1dRel_BNL003"	"Female"	1	"double stranded"	"BNL001.A0101.TF1.1"	179470	173919	"NA"	"NA"	"0-2%"	"MAMS-30775"	3677	21	2137	1979	"direct"	"U5b2a2a"		
"BNL002"	"Brandýs nad Labem_63-2"	"Bohemia"	"Únětice"	"Early Bronze Age"	"This study"	50.174207	14.646467	"Bohemia_Unetice_preClassical"		"Male"	1	"double stranded"	"BNL002.C0101.TF1.1"	667560	641154	0.001194	0.00253	"1-2%"	"NA"	"NA"	"NA"	2137	1954	"inferred (range of dates from grave 63)"	"U5a1c1"	"I2a2"	
"BNL003"	"Brandýs nad Labem_63-3"	"Bohemia"	"Únětice"	"Early Bronze Age"	"This study"	50.174207	14.646467	"Bohemia_Unetice_preClassical"	"1dRel_BNL001"	"Male"	1	"double stranded"	"BNL003.A0101.TF1.1"	731443	700887	0.004435	0.00266	"0-2%"	"MAMS-30776"	3661	24	2134	1954	"direct"	"U5b2a2a"	"I2a2"	
"BNL004"	"Brandýs nad Labem_63-4"	"Bohemia"	"Únětice"	"Early Bronze Age"	"This study"	50.174207	14.646467	"Bohemia_Unetice_preClassical"		"Male"	1	"double stranded"	"BNL004.A0101.TF1.1"	751168	719965	0.005104	0.0028	"0-2%"	"NA"	"NA"	"NA"	2137	1954	"inferred (range of dates from grave 63)"	"T2b"	"R1a - Z645"	"Z650/Z651"
"BNL005"	"Brandýs nad Labem_76-1"	"Bohemia"	"Únětice"	"Early Bronze Age"	"This study"	50.174207	14.646467	"Bohemia_Unetice_preClassical"		"Female"	1	"double stranded"	"BNL005.A0101.TF1.1"	765922	739160	"NA"	"NA"	"0-2%"	"MAMS-30777"	3738	23	2204	2039	"direct"	"J1c"		
"BNL006"	"Brandýs nad Labem_76-2"	"Bohemia"	"Únětice"	"Early Bronze Age"	"This study"	50.174207	14.646467	"Bohemia_Unetice_preClassical"	"1dRel_BNL007"	"Male"	1	"double stranded"	"BNL006.A0101.TF1.1"	592181	570119	0.001453	0.00322	"1-2%"	"NA"	"NA"	"NA"	2204	2039	"inferred (same grave number as BNL005)"	"K1c1"	"I2a2"	
"BNL007"	"Brandýs nad Labem_76-3"	"Bohemia"	"Únětice"	"Early Bronze Age"	"This study"	50.174207	14.646467	"excluded (kinship)"	"1dRel_BNL006"	"Male"	1	"double stranded"	"BNL007.A0101.TF1.1"	327795	317101	0.01926	0.0141	"1-2%"	"NA"	"NA"	"NA"	2204	2039	"inferred (same grave number as BNL005)"	"U3a1c"	"I2a2"	
"BNL008"	"Brandýs nad Labem_690-1"	"Bohemia"	"Únětice"	"Early Bronze Age"	"This study"	50.174207	14.646467	"Bohemia_Unetice_Classical"		"Female"	1	"double stranded"	"BNL008.B0101.TF1.1"	753298	727417	"NA"	"NA"	"0-2%"	"MAMS-30778"	3615	26	2033	1897	"direct"	"J1c"		
"BNL009"	"Brandýs nad Labem_690-2"	"Bohemia"	"Únětice"	"Early Bronze Age"	"This study"	50.174207	14.646467	"Bohemia_Unetice_preClassical"		"Male"	1	"double stranded"	"BNL009.A0102.TF1.1"	219745	212723	-0.002551	0.00271	"0-1%"	"MAMS-30779"	3649	24	2131	1943	"direct"	"U5a1b"	"R1b - P312"	
"BNL010"	"Brandýs nad Labem_798"	"Bohemia"	"Únětice"	"Early Bronze Age"	"This study"	50.174207	14.646467	"Bohemia_Unetice_Classical"		"Female"	1	"double stranded"	"BNL010.C0101.TF1.1"	234812	227282	"NA"	"NA"	"1-2%"	"MAMS-30780"	3505	25	1895	1750	"direct"	"K1b1a1"		
"CHL001"	"Chleby_2040-1"	"Bohemia"	"Únětice"	"Early Bronze Age"	"This study"	50.215039	15.119066	"Bohemia_Unetice_Classical"		"Female"	1	"double stranded"	"CHL001.B0101.TF1.1"	735513	709682	"NA"	"NA"	"1-2%"	"NA"	"NA"	"NA"	2024	1887	"inferred (kinship with CHL006)"	"U2e2a1"		
"CHL002"	"Chleby_2039"	"Bohemia"	"Únětice"	"Early Bronze Age"	"This study"	50.215039	15.119066	"Bohemia_Unetice_preClassical"		"Male"	1	"double stranded"	"CHL002.B0101.TF1.1"	419214	404524	-0.003673	0.00226	"0-2%"	"NA"	"NA"	"NA"	2200	1900	"inferred"	"H11a7"	"I2a2"	
"CHL003"	"Chleby_2038"	"Bohemia"	"Únětice"	"Early Bronze Age"	"This study"	50.215039	15.119066	"Bohemia_Unetice_preClassical"		"Male"	2	"double stranded"	"CHL003.merged"	618242	594290	-0.000937	0.00229	"0-2%"	"MAMS-40617"	3623	28	2116	1900	"direct"	"U5a1g2"	"R1a - Z645"	"Z647/Z650/Z651"
"CHL005"	"Chleby_2076"	"Bohemia"	"Únětice"	"Early Bronze Age"	"This study"	50.215039	15.119066	"Bohemia_Unetice_preClassical"		"Male"	1	"double stranded"	"CHL005.merged"	190420	184615	-0.001758	0.00107	"0-2%"	"NA"	"NA"	"NA"	2200	1900	"inferred"	"U5a2d1a"	"R1b - P312"	"L2/S139"
"CHL006"	"Chleby_2078"	"Bohemia"	"Únětice"	"Early Bronze Age"	"This study"	50.215039	15.119066	"Bohemia_Unetice_Classical"		"Female"	1	"double stranded"	"CHL006.merged"	418666	404812	"NA"	"NA"	"0-2%"	"MAMS-40618"	3591	28	2024	1887	"direct"	"U5a1b"		
"CHL007"	"Chleby_2041"	"Bohemia"	"Únětice"	"Early Bronze Age"	"This study"	50.215039	15.119066	"Bohemia_Unetice_preClassical"		"Female"	1	"double stranded"	"CHL007.merged"	187850	181385	"NA"	"NA"	"0-2%"	"NA"	"NA"	"NA"	2200	1900	"inferred"	"U5a1a1"		
"CHL008"	"Chleby_2035"	"Bohemia"	"Únětice"	"Early Bronze Age"	"This study"	50.215039	15.119066	"Bohemia_Unetice_preClassical"		"Male"	1	"double stranded"	"CHL008.B0101.TF1.1"	381211	368170	0.015866	0.0109	"1-2%"	"NA"	"NA"	"NA"	2116	1900	"inferred (kinship with CHL003)"	"K1b2a"	"R1a - Z645"	"Z645"
"KNE001"	"Kněževes_2351"	"Bohemia"	"Únětice"	"Early Bronze Age"	"This study"	50.119278	14.267059	"Bohemia_Unetice_preClassical"	"1dRel_KNE004, 1dRel_KNE005"	"Female"	1	"double stranded"	"KNE001.B0101.TF1.1"	575371	556197	"NA"	"NA"	"1-2%"	"Bln-5436"	3679	34	2193	1957	"direct"	"T2b23"		
"KNE002"	"Kněževes_2225-1"	"Bohemia"	"Únětice"	"Early Bronze Age"	"This study"	50.119278	14.267059	"Bohemia_Unetice_preClassical"		"Female"	1	"double stranded"	"KNE002.A0101.TF1.1"	580831	560684	"NA"	"NA"	"0-2%"	"MAMS-30771"	3705	24	2195	2028	"direct"	"T2a1b1a1"		
"KNE003"	"Kněževes_2229"	"Bohemia"	"Únětice"	"Early Bronze Age"	"This study"	50.119278	14.267059	"Bohemia_Unetice_preClassical"		"Female"	1	"double stranded"	"KNE003.B0101.TF1.1"	798040	770446	"NA"	"NA"	"0-2%"	"MAMS-30772"	3648	19	2126	1949	"direct"	"J1c"		
"KNE004"	"Kněževes_2234-1"	"Bohemia"	"Únětice"	"Early Bronze Age"	"This study"	50.119278	14.267059	"excluded (kinship)"	"1dRel_KNE001, 1dRel_KNE005"	"Female"	1	"double stranded"	"KNE004.A0101.TF1.1"	328747	317926	"NA"	"NA"	"1-2%"	"MAMS-30773"	3704	24	2195	2027	"direct"	"T2b23"		
"KNE005"	"Kněževes_2234-2"	"Bohemia"	"Únětice"	"Early Bronze Age"	"This study"	50.119278	14.267059	"excluded (kinship)"	"1dRel_KNE001, 1dRel_KNE004"	"Female"	1	"double stranded"	"KNE005.B0101.TF1.1"	197046	190554	"NA"	"NA"	"5-7%"	"MAMS-38478"	3730	24	2201	2037	"direct"	"T2b23"		
"KNE006"	"Kněževes_2234-3"	"Bohemia"	"Únětice"	"Early Bronze Age"	"This study"	50.119278	14.267059	"Bohemia_Unetice_preClassical"		"Female"	1	"double stranded"	"KNE006.A0101.TF1.1"	155346	150491	"NA"	"NA"	"0-1%"	"NA"	"NA"	"NA"	2201	2027	"inferred (same grave number as KNE004/KNE005)"	"K2a11"		
"KNE007"	"Kněževes_2767"	"Bohemia"	"Únětice"	"Early Bronze Age"	"This study"	50.119278	14.267059	"Bohemia_Unetice_preClassical"		"Female"	1	"double stranded"	"KNE007.A0101.TF1.1"	514361	497139	"NA"	"NA"	"0-2%"	"MAMS-30774"	3651	20	2129	1950	"direct"	"T1a1"		
"KO1006"	"Kolín I_3037-I"	"Bohemia"	"Únětice"	"Early Bronze Age"	"This study"	50.033343	15.168084	"Bohemia_Unetice_Classical"		"Female"	1	"double stranded"	"KO1006.A0101.TF1.1"	748940	722741	"NA"	"NA"	"0-2%"	"UGAMS-9623"	3570	25	2017	1784	"direct"	"H17"		
"KO1007"	"Kolín I_3037-II"	"Bohemia"	"Únětice"	"Early Bronze Age"	"This study"	50.033343	15.168084	"Bohemia_Unetice_Classical"		"Male"	1	"double stranded"	"KO1007.B0101.TF1.1"	622601	597202	0.000422	0.00221	"1-5%"	"MAMS-30785"	3460	25	1879	1694	"direct"	"R1b1"	"R1a - Z645"	"Z645, Z646, Z647, Z649, Z650, Z651, Z283"
"KO1008"	"Kolín I_3037-III"	"Bohemia"	"Únětice"	"Early Bronze Age"	"This study"	50.033343	15.168084	"Bohemia_Unetice_Classical"		"Male"	1	"double stranded"	"KO1008.A0101.TF1.1"	467418	450424	-0.003498	0.000978	"1-2%"	"NA"	"NA"	"NA"	2017	1694	"inferred (range of dates from grave 3037)"	"U2e2a1c"	"R1b - P312"	"L2/S139"
"KO1009"	"Kolín I_3540"	"Bohemia"	"Únětice"	"Early Bronze Age"	"This study"	50.033343	15.168084	"Bohemia_Unetice_Classical"		"Female"	1	"double stranded"	"KO1009.A0101.TF1.1"	634619	612719	"NA"	"NA"	"0-2%"	"MAMS-30786"	3589	24	2021	1888	"direct"	"U5a1a1"		
"KO1010"	"Kolín I_3690"	"Bohemia"	"Únětice"	"Early Bronze Age"	"This study"	50.033343	15.168084	"Bohemia_Unetice_Classical"		"Female"	1	"double stranded"	"KO1010.A0101.TF1.1"	467508	451944	"NA"	"NA"	"1-2%"	"MAMS-30787"	3599	24	2022	1895	"direct"	"H1b"		
"KO1011"	"Kolín I_4316"	"Bohemia"	"Únětice"	"Early Bronze Age"	"This study"	50.033343	15.168084	"Bohemia_Unetice_preClassical"		"Female"	1	"double stranded"	"KO1011.B0101.TF1.1"	461031	445284	"NA"	"NA"	"1-2%"	"UGAMS-9622"	3660	25	2135	1952	"direct"	"W1c"		
"KO1013"	"Kolín I_4332-I"	"Bohemia"	"Únětice"	"Early Bronze Age"	"This study"	50.033343	15.168084	"Bohemia_Unetice_Classical"		"Female"	1	"double stranded"	"KO1013.A0101.TF1.1"	607876	586569	"NA"	"NA"	"0-2%"	"MAMS-30789"	3605	24	2025	1899	"direct"	"H3d"		
"KO1014"	"Kolín I_4332-II"	"Bohemia"	"Únětice"	"Early Bronze Age"	"This study"	50.033343	15.168084	"Bohemia_Unetice_Classical"		"Male"	1	"double stranded"	"KO1014.A0101.TF1.1"	525482	505651	0.006028	0.00452	"1-2%"	"NA"	"NA"	"NA"	2025	1899	"inferred (same grave number as KO1013)"	"HV"	"R1a - Z645"	"Z649, Z651"
"KO1015"	"Kolín I_4347"	"Bohemia"	"Únětice"	"Early Bronze Age"	"This study"	50.033343	15.168084	"Bohemia_Unetice_Classical"		"Female"	1	"double stranded"	"KO1015.A0102.TF1.1"	500111	484451	"NA"	"NA"	"0-2%"	"MAMS-30790"	3509	24	1900	1752	"direct"	"U5a1i1"		
"KO7001"	"Kolín VII_1409"	"Bohemia"	"Únětice"	"Early Bronze Age"	"This study"	50.008869	15.221727	"Bohemia_Unetice_preClassical"		"Male"	1	"double stranded"	"KO7001.A0201.TF1.1"	568398	545356	0.0014	0.00357	"15-23%"	"MAMS-30792"	3655	24	2133	1949	"direct"	"I4a"	"R1a - Z645"	"Z646, Z649, Z651"
"KO7002"	"Kolín VII_1412"	"Bohemia"	"Únětice"	"Early Bronze Age"	"This study"	50.008869	15.221727	"Bohemia_Unetice_preClassical"		"Female"	1	"double stranded"	"KO7002.B0101.TF1.1"	480006	462532	"NA"	"NA"	"1-2%"	"NA"	"NA"	"NA"	2200	1900	"inferred"	"H24"		
"KO7003"	"Kolín VII_1418"	"Bohemia"	"Únětice"	"Early Bronze Age"	"This study"	50.008869	15.221727	"Bohemia_Unetice_preClassical"		"Male"	1	"double stranded"	"KO7003.A0201.TF1.1"	94733	91511	0.068036	0.0689	"4-6%"	"MAMS-30793"	3761	24	2281	2051	"direct"	"U5a1b1"	"R1a*"	"low coverage, no coverage at Z645"
"PDA001"	"Praha-Ďáblice_22B"	"Bohemia"	"Únětice"	"Early Bronze Age"	"This study"	50.151931	14.493838	"excluded (kinship)"	"1dRel_PDA002, 1dRel_PDA003, 1dRel_PDA004, 1dRel_PDA005"	"Female"	1	"double stranded"	"PDA001.A0101.TF1.1"	582318	561829	"NA"	"NA"	"1-2%"	"MAMS-30755"	3675	22	2137	1978	"direct"	"U5a1b1"		
"PDA002"	"Praha-Ďáblice_22D-1"	"Bohemia"	"Únětice"	"Early Bronze Age"	"This study"	50.151931	14.493838	"Bohemia_Unetice_preClassical"	"1dRel_PDA001, 1dRel_PDA003, 1dRel_PDA004, 1dRel_PDA005"	"Male"	1	"double stranded"	"PDA002.A0101.TF1.1"	733676	701403	0.004809	0.00278	"0-2%"	"MAMS-30756"	3720	21	2197	2036	"direct"	"U5a1b1"	"I2a2"	
"PDA003"	"Praha-Ďáblice_22D-2"	"Bohemia"	"Únětice"	"Early Bronze Age"	"This study"	50.151931	14.493838	"excluded (kinship)"	"1dRel_PDA001, 1dRel_PDA002, 1dRel_PDA004, 1dRel_PDA005"	"Female"	1	"double stranded"	"PDA003.A0101.TF1.1"	613008	591290	"NA"	"NA"	"1-2%"	"MAMS-38479"	3765	24	2284	2058	"direct"	"U5a1b1"		
"PDA004"	"Praha-Ďáblice_22D-3"	"Bohemia"	"Únětice"	"Early Bronze Age"	"This study"	50.151931	14.493838	"excluded (kinship)"	"1dRel_PDA001, 1dRel_PDA002, 1dRel_PDA003, 1dRel_PDA005"	"Female"	1	"double stranded"	"PDA004.A0101.TF1.1"	651119	627779	"NA"	"NA"	"1-5%"	"MAMS-30757"	3717	20	2196	2036	"direct"	"U5a1b1"		
"PDA005"	"Praha-Ďáblice_22D-4"	"Bohemia"	"Únětice"	"Early Bronze Age"	"This study"	50.151931	14.493838	"excluded (kinship)"	"1dRel_PDA001, 1dRel_PDA002, 1dRel_PDA003, 1dRel_PDA004"	"Male"	1	"double stranded"	"PDA005.A0101.TF1.1"	682634	653115	0.007459	0.0032	"1-2%"	"MAMS-38480"	3786	25	2288	2141	"direct"	"X2c1"	"I2a2"	
"PMI001"	"Praha-Miškovice_13"	"Bohemia"	"Únětice"	"Early Bronze Age"	"This study"	50.156484	14.538727	"Bohemia_Unetice_preClassical"		"Female"	1	"double stranded"	"PMI001.A0301.TF1.1"	708444	682899	"NA"	"NA"	"1-2%"	"MAMS-19126"	3745	22	2271	2042	"direct"	"H6a2"		
"PMI002"	"Praha-Miškovice_4"	"Bohemia"	"Únětice"	"Early Bronze Age"	"This study"	50.156484	14.538727	"Bohemia_Unetice_preClassical"		"Female"	2	"double stranded"	"PMI002.merged"	71888	69606	"NA"	"NA"	"0-2%"	"MAMS-19125"	3791	24	2298	2138	"direct"	"H1m"		
"PMI003"	"Praha-Miškovice_29"	"Bohemia"	"Únětice"	"Early Bronze Age"	"This study"	50.156484	14.538727	"Bohemia_Unetice_preClassical"		"Female"	1	"double stranded"	"PMI003.B0301.TF1.1"	401931	387465	"NA"	"NA"	"1-2%"	"UtC-13189"	3670	35	2190	1940	"direct"	"N1a1a1a2"		
"PMI004"	"Praha-Miškovice_39"	"Bohemia"	"Únětice"	"Early Bronze Age"	"This study"	50.156484	14.538727	"Bohemia_Unetice_preClassical"		"Male"	2	"double stranded"	"PMI004.merged"	466937	450951	0.020837	0.0104	"0-2%"	"KIA-35083"	3675	30	2200	1950	"direct"	"H2a2b"	"I2a2"	
"PMI006"	"Praha-Miškovice_40"	"Bohemia"	"Únětice"	"Early Bronze Age"	"This study"	50.156484	14.538727	"Bohemia_Unetice_preClassical"		"Male"	1	"double stranded"	"PMI006.B0301.TF1.1"	367661	354041	0.00806	0.00805	"1-2%"	"KIA-35072"	3750	30	2290	2030	"direct"	"U5a1g1"	"I2a1"	
"PMI009"	"Praha-Miškovice_31"	"Bohemia"	"Únětice"	"Early Bronze Age"	"This study"	50.156484	14.538727	"Bohemia_Unetice_Classical"		"Male"	1	"double stranded"	"PMI009.A0301.TF1.1"	139632	135209	0.043493	0.0325	"1-2%"	"UtC-13190"	3560	35	2020	1770	"direct"	"T2b"	"R1b*"	"xU106, no coverage at P312, L151, Z2103, Z2105"
"PMI010"	"Praha-Miškovice_42"	"Bohemia"	"Únětice"	"Early Bronze Age"	"This study"	50.156484	14.538727	"Bohemia_Unetice_Classical"		"Female"	2	"double stranded"	"PMI010.merged"	460729	446180	"NA"	"NA"	"0-2%"	"KIA-35084"	3595	30	2028	1886	"direct"	"H13a1a"		
"PMI012"	"Praha-Miškovice_27"	"Bohemia"	"Únětice"	"Early Bronze Age"	"This study"	50.156484	14.538727	"Bohemia_Unetice_Classical"		"Female"	2	"double stranded"	"PMI012.merged"	316852	306654	"NA"	"NA"	"0-2%"	"UtC-13188"	3410	40	1880	1610	"direct"	"J2b1a"		
"ROU001"	"Roudnice nad Labem_1-1"	"Bohemia"	"Únětice"	"Early Bronze Age"	"This study"	50.416843	14.245509	"Bohemia_Unetice_preClassical"		"Female"	1	"double stranded"	"ROU001.A0101.TF1.1"	628211	606460	"NA"	"NA"	"1-2%"	"NA"	"NA"	"NA"	2200	1900	"inferred"	"U5a1g2"		
"ROU002"	"Roudnice nad Labem_1-2"	"Bohemia"	"Únětice"	"Early Bronze Age"	"This study"	50.416843	14.245509	"excluded (kinship)"	"1dRel_ROU003, 1dRel_ROU004"	"Female"	1	"double stranded"	"ROU002.A0101.TF1.1"	426496	412623	"NA"	"NA"	"0-2%"	"MAMS-44708"	3662	25	2134	1955	"direct"	"U5b1c2"		
"ROU003"	"Roudnice nad Labem_1-3"	"Bohemia"	"Únětice"	"Early Bronze Age"	"This study"	50.416843	14.245509	"Bohemia_Unetice_preClassical"	"1dRel_ROU002"	"Female"	1	"double stranded"	"ROU003.A0101.TF1.1"	512388	495249	"NA"	"NA"	"4-14%"	"NA"	"NA"	"NA"	2134	1955	"inferred (kinship with ROU002)"	"U5b1c2"		
"ROU004"	"Roudnice nad Labem_1-4"	"Bohemia"	"Únětice"	"Early Bronze Age"	"This study"	50.416843	14.245509	"Bohemia_Unetice_preClassical"	"1dRel_ROU002"	"Female"	1	"double stranded"	"ROU004.A0101.TF1.1"	591216	571388	"NA"	"NA"	"0-2%"	"NA"	"NA"	"NA"	2134	1955	"inferred (kinship with ROU002)"	"U5b1c2"		
"ROU005"	"Roudnice nad Labem_1-5"	"Bohemia"	"Únětice"	"Early Bronze Age"	"This study"	50.416843	14.245509	"excluded (kinship)"	"1dRel_ROU007"	"Male"	1	"double stranded"	"ROU005.A0101.TF1.1"	445892	430655	0.023118	0.0106	"1-2%"	"NA"	"NA"	"NA"	2200	1900	"inferred"	"HV6"	"I2a2"	
"ROU006"	"Roudnice nad Labem_1-6"	"Bohemia"	"Únětice"	"Early Bronze Age"	"This study"	50.416843	14.245509	"Bohemia_Unetice_preClassical"		"Female"	1	"double stranded"	"ROU006.merged"	657097	634532	"NA"	"NA"	"0-2%"	"NA"	"NA"	"NA"	2200	1900	"inferred"	"H24"		
"ROU007"	"Roudnice nad Labem_1-7"	"Bohemia"	"Únětice"	"Early Bronze Age"	"This study"	50.416843	14.245509	"Bohemia_Unetice_preClassical"	"1dRel_ROU005"	"Male"	1	"double stranded"	"ROU007.A0101.TF1.1"	646592	621625	0.016225	0.00581	"0-2%"	"NA"	"NA"	"NA"	2200	1900	"inferred"	"I4a"	"I2a2"	
"VLI039"	"Vliněves_H371"	"Bohemia"	"Únětice"	"Early Bronze Age"	"This study"	50.365945	14.446606	"Bohemia_Unetice_preClassical"		"Female"	1	"double stranded"	"VLI039.A0101.TF1.1"	672667	648699	"NA"	"NA"	"1-2%"	"NA"	"NA"	"NA"	2200	1900	"inferred"	"T2b"		
"VLI042"	"Vliněves_H443"	"Bohemia"	"Únětice"	"Early Bronze Age"	"This study"	50.365945	14.446606	"Bohemia_Unetice_Classical"		"Male"	1	"double stranded"	"VLI042.A0101.TF1.1"	222076	214181	0.025251	0.0204	"1-3%"	"UBA-27398"	3504	41	1936	1698	"direct"	"U5a1g2"	"I2a2"	
"VLI045"	"Vliněves_H395"	"Bohemia"	"Únětice"	"Early Bronze Age"	"This study"	50.365945	14.446606	"Bohemia_Unetice_Classical"		"Female"	1	"double stranded"	"VLI045.B0101.TF1.1"	661449	637890	"NA"	"NA"	"1-2%"	"UBA-27395"	3623	58	2193	1780	"direct"	"J1c1b1a"		
"VLI046"	"Vliněves_H75"	"Bohemia"	"Únětice"	"Early Bronze Age"	"This study"	50.365945	14.446606	"Bohemia_Unetice_Classical"		"Female"	1	"double stranded"	"VLI046.A0101.TF1.1"	119092	115496	"NA"	"NA"	"1-2%"	"UBA-23635"	3536	34	1953	1754	"direct"	"H3"		
"VLI047"	"Vliněves_H40"	"Bohemia"	"Únětice"	"Early Bronze Age"	"This study"	50.365945	14.446606	"Bohemia_Unetice_Classical"		"Female"	1	"double stranded"	"VLI047.B0101.TF1.1"	509564	491643	"NA"	"NA"	"1-2%"	"NA"	"NA"	"NA"	2000	1700	"inferred"	"T2c1d1a"		
"VLI050"	"Vliněves_2427"	"Bohemia"	"Únětice"	"Early Bronze Age"	"This study"	50.365945	14.446606	"Bohemia_Unetice_Classical"		"Female"	1	"double stranded"	"VLI050.A0101.TF1.1"	718630	692808	"NA"	"NA"	"1-2%"	"UBA-23638"	3526	36	1946	1749	"direct"	"H7a1"		
"VLI051"	"Vliněves_2544"	"Bohemia"	"Únětice"	"Early Bronze Age"	"This study"	50.365945	14.446606	"Bohemia_Unetice_Classical"		"Male"	1	"double stranded"	"VLI051.B0101.TF1.1"	466832	447924	0.009957	0.00583	"0-2%"	"MAMS-44712"	3449	25	1877	1689	"direct"	"U5a1d1"	"R1a - Z645"	"Z646, Z647, Z649, Z650, Z651"
"VLI058"	"Vliněves_H520"	"Bohemia"	"Únětice"	"Early Bronze Age"	"This study"	50.365945	14.446606	"Bohemia_Unetice_preClassical"	"1dRel_VLI064"	"Female"	1	"double stranded"	"VLI058.A0101.TF1.1"	470058	453687	"NA"	"NA"	"1-3%"	"UBA-23642"	3725	28	2200	2035	"direct"	"W1i"		
"VLI060"	"Vliněves_H437-1"	"Bohemia"	"Únětice"	"Early Bronze Age"	"This study"	50.365945	14.446606	"Bohemia_Unetice_Classical"		"Female"	1	"double stranded"	"VLI060.A0101.TF1.1"	442640	427185	"NA"	"NA"	"0-2%"	"NA"	"NA"	"NA"	2139	1824	"inferred (same grave as VLI065)"	"T1a1"		
"VLI061"	"Vliněves_H517"	"Bohemia"	"Únětice"	"Early Bronze Age"	"This study"	50.365945	14.446606	"Bohemia_Unetice_preClassical"		"Female"	1	"double stranded"	"VLI061.A0101.TF1.1"	712654	687393	"NA"	"NA"	"1-3%"	"NA"	"NA"	"NA"	2200	1900	"inferred"	"V"		
"VLI064"	"Vliněves_H521"	"Bohemia"	"Únětice"	"Early Bronze Age"	"This study"	50.365945	14.446606	"excluded (kinship)"	"1dRel_VLI058"	"Female"	1	"double stranded"	"VLI064.A0101.TF1.1"	321136	309873	"NA"	"NA"	"0-2%"	"MAMS-30768"	3677	25	2139	1977	"direct"	"W1i"		
"VLI065"	"Vliněves_H437-2"	"Bohemia"	"Únětice"	"Early Bronze Age"	"This study"	50.365945	14.446606	"Bohemia_Unetice_Classical"		"Female"	1	"double stranded"	"VLI065.A0101.TF1.1"	396041	381995	"NA"	"NA"	"1-3%"	"UBA-27396"	3618	52	2139	1824	"inferred"	"H2b"		
"VLI053"	"Vliněves_H504"	"Bohemia"	"Tumulus culture"	"Middle Bronze Age"	"This study"	50.365945	14.446606	"Bohemia_Unetice_Classical"		"Female"	1	"double stranded"	"VLI053.A0101.TF1.1"	33284	32107	"NA"	"NA"	"1-2%"	"NA"	"NA"	"NA"	1700	1500	"inferred"	"K1b1a1"		
"MIS001"	"Mikulovice_92a"	"Bohemia"	"Únětice"	"Early Bronze Age"	"This study"	49.992004	15.776861	"Bohemia_Unetice_Classical"		"Male"	2	"double stranded"	"MIS001.merged"	900625	857311	0.008146	0.00393	"1-3%"	"MAMS-30493"	3601	19	2022	1900	"direct"	"U5b1c1a"	"R1b - P312"	"L2/S139"
"MIS002"	"Mikulovice_92b"	"Bohemia"	"Únětice"	"Early Bronze Age"	"This study"	49.992004	15.776861	"Bohemia_Unetice_Classical"		"Male"	2	"double stranded"	"MIS002.merged"	892372	850145	0.006674	0.00395	"1-3%"	"MAMS-30494"	3582	19	2012	1887	"direct"	"T2c1d1"	"R1b - P312"	"L2/S139"
"MIS004"	"Mikulovice_93"	"Bohemia"	"Únětice"	"Early Bronze Age"	"This study"	49.992004	15.776861	"Bohemia_Unetice_Classical"		"Male"	1	"double stranded"	"MIS004.A0101.TF1.1"	279953	270918	0.023217	0.0193	"0-2%"	"CRL-20110"	3550	23	1955	1776	"direct"	"H17"	"I2a2a"	
"MIS006"	"Mikulovice_96"	"Bohemia"	"Únětice"	"Early Bronze Age"	"This study"	49.992004	15.776861	"Bohemia_Unetice_preClassical"		"Male"	1	"double stranded"	"MIS006.A0101.TF1.1"	120020	116501	-0.009578	0.00691		"CRL-20112"	3833	27	2456	2199	"direct"	"L1'2'3'4'5'6"	"R1b - P312"	"no coverage at L2/S139"
"MIG010"	"Mikulovice_97c"	"Bohemia"	"Únětice"	"Early Bronze Age"	"This study"	49.992004	15.776861	"Bohemia_Unetice_preClassical"		"Female"	1	"double stranded"	"MIG010.B0101.TF1.1"	313033	302740	"NA"	"NA"	"1-2%"	"CRL-20113"	3659	23	2134	1953	"direct"	"T2e"		
"MIG011"	"Mikulovice_98"	"Bohemia"	"Únětice"	"Early Bronze Age"	"This study"	49.992004	15.776861	"Bohemia_Unetice_preClassical"		"Female"	1	"double stranded"	"MIG011.A0101.TF1.1"	452830	437236	"NA"	"NA"	"0-2%"	"CRL-20114"	3658	24	2134	1951	"direct"	"R1b"		
"MIG012"	"Mikulovice_99"	"Bohemia"	"Únětice"	"Early Bronze Age"	"This study"	49.992004	15.776861	"Bohemia_Unetice_Classical"		"Male"	1	"double stranded"	"MIG012.B0101.TF1.1"	316598	305902	0.075256	0.0258	"1-7%"	"NA"	"NA"	"NA"	2000	1700	"inferred"	"J1c1b1a"	"G2a2b2a"	
"MIB001"	"Mikulovice_51"	"Bohemia"	"Únětice"	"Early Bronze Age"	"This study"	49.992004	15.776861	"Bohemia_Unetice_Classical"		"Male"	1	"double stranded"	"MIB001.A0101.TF1.1"	492109	473973	0.002881	0.00516	"1-3%"	"MAMS-30481"	3516	20	1908	1766	"direct"	"T2b"	"R1b - P312"	"L2/S139"
"MIB002"	"Mikulovice_55"	"Bohemia"	"Únětice"	"Early Bronze Age"	"This study"	49.992004	15.776861	"Bohemia_Unetice_Classical"		"Female"	1	"double stranded"	"MIB002.B0101.TF1.1"	710399	685556	"NA"	"NA"	"0-2%"	"MAMS-30482"	3494	19	1883	1753	"direct"	"U4b1b1"		
"MIB003"	"Mikulovice_68"	"Bohemia"	"Únětice"	"Early Bronze Age"	"This study"	49.992004	15.776861	"Bohemia_Unetice_Classical"		"Female"	1	"double stranded"	"MIB003.B0101.TF1.1"	228723	220999	"NA"	"NA"	"1-2%"	"MAMS-30483"	3538	19	1937	1776	"direct"	"K1a1b2a"		
"MIB004"	"Mikulovice_62"	"Bohemia"	"Únětice"	"Early Bronze Age"	"This study"	49.992004	15.776861	"Bohemia_Unetice_Classical"		"Male"	1	"double stranded"	"MIB004.B0101.TF1.1"	498397	478370	0.005194	0.00455	"0-2%"	"MAMS-30484"	3503	18	1888	1759	"direct"	"R1b1"	"R1b - P312"	"L2/S139"
"MIB005"	"Mikulovice_64a"	"Bohemia"	"Únětice"	"Early Bronze Age"	"This study"	49.992004	15.776861	"Bohemia_Unetice_Classical"		"Female"	1	"double stranded"	"MIB005.A0101.TF1.1"	403282	389729	"NA"	"NA"	"2-4%"	"MAMS-30485"	3498	19	1879	1775	"direct"	"H2a1b"		
"MIB024"	"Mikulovice_1"	"Bohemia"	"Únětice"	"Early Bronze Age"	"This study"	49.992004	15.776861	"Bohemia_Unetice_Classical"		"Female"	1	"double stranded"	"MIB024.A0101.TF1.1"	217521	210270	"NA"	"NA"	"0-2%"	"CRL-19406"	3575	22	2016	1880	"direct"	"H1b"		
"MIB028"	"Mikulovice_7"	"Bohemia"	"Únětice"	"Early Bronze Age"	"This study"	49.992004	15.776861	"Bohemia_Unetice_Classical"		"Female"	1	"double stranded"	"MIB028.B0101.TF1.1"	806087	777357	"NA"	"NA"	"0-2%"	"CRL-19411"	3562	22	1976	1782	"direct"	"U5b2a2c"		
"MIB034"	"Mikulovice_17"	"Bohemia"	"Únětice"	"Early Bronze Age"	"This study"	49.992004	15.776861	"Bohemia_Unetice_Classical"		"Female"	1	"double stranded"	"MIB034.B0101.TF1.1"	837872	807712	"NA"	"NA"	"0-2%"	"MAMS-30461"	3416	25	1860	1640	"direct"	"H7b"		
"BLS001"	"Blšany_1-1"	"Bohemia"	"Globular amphorae"	"Neolithic"	"This study"	50.351064	13.852118	"excluded (kinship)"	"1dRel_BLS002"	"Female"	1	"double stranded"	"BLS001.A0101.TF1.1"	639269	616723	"NA"	"NA"	"1-2%"	"MAMS-41369"	4126	24	2865	2583	"direct"	"K1a3a"		
"PRE001"	"Předměřice"	"Bohemia"	"Globular amphorae"	"Neolithic"	"This study"	50.252119	15.811875	"Bohemia_ME"		"Female"	1	"double stranded"	"PRE001.A0101.TF1.1"	815686	786651	"NA"	"NA"	"1-2%"	"MAMS-41368"	4095	26	2858	2504	"direct"	"U5b2c"		
"BRZ001"	"Březno u Loun_62-LXXIII"	"Bohemia"	"Jordanów_Michelsberg"	"Neolithic"	"This study"	50.3575	13.743611	"Bohemia_PE"		"Male"	1	"double stranded"	"BRZ001.B0101.TF1.1"	60461	58628	-0.027948	0.0326	"1-2%"	"MAMS-41371"	5078	25	3956	3799	"direct"	"L3"	"I"	"low coverage"
"BRZ002"	"Březno u Loun_62-LXXV"	"Bohemia"	"Funnel Beaker"	"Neolithic"	"This study"	50.3575	13.743611	"Bohemia_EE"		"Female"	1	"double stranded"	"BRZ002.A0101.TF1.1"	634071	611897	"NA"	"NA"	"1-2%"	"MAMS-41372"	4768	26	3638	3390	"direct"	"K2a"		
"HOL001"	"Holubice_21"	"Bohemia"	"Funnel Beaker"	"Neolithic"	"This study"	50.200564	14.29025	"Bohemia_EE"		"Female"	1	"double stranded"	"HOL001.B0101.TF1.1"	896155	863733	"NA"	"NA"	"0-2%"	"CRL-15611"	4879	36	3760	3539	"direct"	"T2c1d2"		
"HOL002"	"Holubice_24-2"	"Bohemia"	"Baden"	"Neolithic"	"This study"	50.200564	14.29025	"Bohemia_ME"		"Female"	1	"double stranded"	"HOL002.A0101.TF1.1"	778538	751344	"NA"	"NA"	"0-2%"	"NA"	"NA"	"NA"	3347	3031	"inferred (same grave number as HOL004)"	"J2b1a2"		
"HOL004"	"Holubice_24-1"	"Bohemia"	"Baden"	"Neolithic"	"This study"	50.200564	14.29025	"Bohemia_ME"		"Female"	1	"double stranded"	"HOL004.B0101.TF1.1"	546795	528622	"NA"	"NA"	"1-2%"	"CRL-15612"	4486	36	3347	3031	"direct"	"V"		
"KO1001"	"Kolín I_3790-1"	"Bohemia"	"Řivnáč"	"Neolithic"	"This study"	50.033343	15.168084	"excluded (kinship)"	"1dRel_KO1016"	"Female"	1	"double stranded"	"KO1001.B0101.TF1.1"	303272	293299	"NA"	"NA"	"3-7%"	"MAMS-30781"	4216	24	2898	2700	"direct"	"HV"		
"BLS002"	"Blšany_1-2"	"Bohemia"	"Globular amphorae"	"Neolithic"	"This study"	50.351064	13.852118	"Bohemia_ME"	"1dRel_BLS001"	"Female"	1	"double stranded"	"BLS002.A0101.TF1.1"	741865	715334	"NA"	"NA"	"0-2%"	"MAMS-41370"	4141	22	2871	2627	"direct"	"K1a3a"		
"VLI032"	"Vliněves_3512-2"	"Bohemia"	"Globular amphorae?"	"Neolithic"	"This study"	50.365945	14.446606	"Bohemia_ME"	"1dRel_VLI033"	"Male"	1	"double stranded"	"VLI032.A0101.TF1.1"	330808	318678	-0.000124	0.00669	"0-2%"	"MAMS-41362"	4132	24	2871	2587	"direct"	"V"	"R1b - V88"	
"TOU001"	"Toušeň_15"	"Bohemia"	"Řivnáč"	"Neolithic"	"This study"	50.167736	14.722575	"Bohemia_ME"		"Male"	1	"double stranded"	"TOU001.A0101.TF1.1"	831514	795545	0.003528	0.00235	"1-2%"	"MAMS-41357"	4166	24	2878	2640	"direct"	"HV0a"	"G2a2"	
"TUC001"	"Tuchoměřice_645-1"	"Bohemia"	"Řivnáč"	"Neolithic"	"This study"	50.137677	14.273411	"excluded (kinship)"	"1dRel_TUC004"	"Female"	1	"double stranded"	"TUC001.A0101.TF1.1"	540978	522659	"NA"	"NA"	"1-2%"	"NA"	"NA"	"NA"	3089	2891	"inferred (all from same sunken hut)"	"V3c"		
"VLI008"	"Vliněves_890"	"Bohemia"	"Corded Ware"	"Corded Ware"	"This study"	50.365945	14.446606	"Bohemia_CW_noSteppe"		"Female"	2	"double stranded"	"VLI008.merged"	767965	740508	"NA"	"NA"	"1-2%"	"MAMS-30759"	4212	21	2894	2703	"direct"	"H1b3"		
"KO1016"	"Kolín I_3790-2"	"Bohemia"	"Řivnáč"	"Neolithic"	"This study"	50.033343	15.168084	"Bohemia_ME"	"1dRel_KO1001"	"Female"	1	"double stranded"	"KO1016.A0101.TF1.1"	588519	567672	"NA"	"NA"	"1-2%"	"NA"	"NA"	"NA"	2898	2700	"inferred (kinship with KO1001)"	"HV"		
"VPR001"	"Velké Přílepy_193"	"Bohemia"	"Řivnáč"	"Neolithic"	"This study"	50.155159	14.318068	"Bohemia_ME"		"Male"	1	"double stranded"	"VPR001.A0101.TF1.1"	752540	721957	0.003977	0.0029	"0-2%"	"MAMS-41373"	4213	25	2898	2698	"direct"	"U5a2d"	"G2a2"	
"TUC006"	"Tuchoměřice_645-6"	"Bohemia"	"Řivnáč"	"Neolithic"	"This study"	50.137677	14.273411	"Bohemia_ME"		"Female"	1	"double stranded"	"TUC006.B0101.TF1.1"	558976	540089	"NA"	"NA"	"1-2%"	"MAMS-30754"	4318	23	3010	2891	"direct"	"H1e1a"		
"TUC002"	"Tuchoměřice_645-2"	"Bohemia"	"Řivnáč"	"Neolithic"	"This study"	50.137677	14.273411	"Bohemia_ME"		"Female"	1	"double stranded"	"TUC002.A0101.TF1.1"	540449	521481	"NA"	"NA"	"0-2%"	"MAMS-30752"	4378	22	3085	2916	"direct"	"J1c1"		
"TUC007"	"Tuchoměřice_3"	"Bohemia"	"Jordanów"	"Neolithic"	"This study"	50.137677	14.273411	"Bohemia_PE"		"Female"	1	"double stranded"	"TUC007.B0101.TF1.1"	836863	806918	"NA"	"NA"	"1-3%"	"MAMS-41356"	5288	25	4231	4004	"direct"	"K1a1"		
"VLI004"	"Vliněves_10589/9969"	"Bohemia"	"Jordanów"	"Neolithic"	"This study"	50.365945	14.446606	"Bohemia_PE"		"Female"	1	"double stranded"	"VLI004.B0101.TF1.1"	684521	660178	"NA"	"NA"	"1-2%"	"KIA-40232"	5357	27	4324	4055	"direct"	"U8b1b1"		
"VLI006"	"Vliněves_2895"	"Bohemia"	"Funnel Beaker"	"Neolithic"	"This study"	50.365945	14.446606	"Bohemia_EE"		"Male"	2	"1 double stranded, 1 single stranded"	"VLI006.merged.merged_1"	136384	131389	-0.002288	0.00159	"1-2%"	"MAMS-41358"	4949	25	3778	3660	"direct"	"H"	"I2a1"	
"TUC003"	"Tuchoměřice_645-3"	"Bohemia"	"Řivnáč"	"Neolithic"	"This study"	50.137677	14.273411	"Bohemia_ME"		"Male"	1	"double stranded"	"TUC003.A0101.TF1.1"	562144	538204	0.010578	0.00419	"1-2%"	"NA"	"NA"	"NA"	3089	2891	"inferred"	"J1c1b"	"H2a1"	
"TUC004"	"Tuchoměřice_645-4"	"Bohemia"	"Řivnáč"	"Neolithic"	"This study"	50.137677	14.273411	"Bohemia_ME"	"1dRel_TUC001"	"Male"	1	"double stranded"	"TUC004.A0101.TF1.1"	594235	568848	0.002445	0.00264	"1-2%"	"NA"	"NA"	"NA"	3089	2891	"inferred"	"V3c"	"H2a1"	
"VLI033"	"Vliněves_3512-3"	"Bohemia"	"Globular amphorae?"	"Neolithic"	"This study"	50.365945	14.446606	"excluded (kinship)"	"1dRel_VLI032"	"Male"	2	"1 double stranded, 1 single stranded"	"VLI033.merged.merged_1"	244380	234814	-0.001578	0.0231	"1-3%"	"MAMS-38477"	4133	27	2871	2589	"direct"	"H1"	"R1b - V88"	
"TUC005"	"Tuchoměřice_645-5"	"Bohemia"	"Řivnáč"	"Neolithic"	"This study"	50.137677	14.273411	"Bohemia_ME"		"Male"	1	"double stranded"	"TUC005.B0101.TF1.1"	539516	517274	0.006283	0.00369	"0-2%"	"MAMS-30753"	4386	22	3089	2918	"direct"	"H1j"	"G2a2"	
"I7186"	"Makotřasy_20/61"	"Bohemia"	"Funnel Beaker"	"Neolithic"	"This study"	50.143064	14.230734	"Bohemia_EE"		"Female"			"I7186"	900553	867768	"NA"	"NA"	"0-0%*"	"PSUAMS-4231"	4990	25	3914	3702	"direct"	"T2c1d1"		
"I7187"	"Makotřasy_51/61"	"Bohemia"	"Jordanów (?)"	"Neolithic"	"This study"	50.143064	14.230734	"Bohemia_PE"		"Male"			"I7187"	898430	854735	0.006376		"0-0.9%*"	"PSUAMS-4404"	5260	20	4228	3988	"direct"	"T2c1d+152"	"I2a1b1b1a"	
"I7188"	"Makotřasy_86b/61"	"Bohemia"	"Funnel Beaker"	"Neolithic"	"This study"	50.143064	14.230734	"Bohemia_EE"		"Female"			"I7188"	897523	864677	"NA"	"NA"	"0-1.3%*"	"PSUAMS-4232"	4880	20	3696	3641	"direct"	"N1a1a"		
"I7189"	"Makotřasy_96/61-b2/1"	"Bohemia"	"Funnel Beaker"	"Neolithic"	"This study"	50.143064	14.230734	"Bohemia_EE"		"Female"			"I7189"	888649	856178	"NA"	"NA"	"0-0.4%*"	"PSUAMS-4233"	4765	20	3636	3521	"direct"	"W5"		
"I7191"	"Makotřasy_96/61-b2/2"	"Bohemia"	"Funnel Beaker"	"Neolithic"	"This study"	50.143064	14.230734	"Bohemia_EE"		"Female"			"I7191"	909669	876425	"NA"	"NA"	"0-0.3%*"	"PSUAMS-3997"	4945	25	3776	3657	"direct"	"U5b3"		
"I7192"	"Makotřasy_96/61-b1"	"Bohemia"	"Funnel Beaker"	"Neolithic"	"This study"	50.143064	14.230734	"Bohemia_EE"		"Male"			"I7192"	911584	867313	0.005829		"0-1.2%*"	"PSUAMS-3879"	4840	25	3694	3535	"direct"	"J1c1"	"G2a2a1a"	
"I7193"	"Makotřasy_120/61"	"Bohemia"	"Funnel Beaker"	"Neolithic"	"This study"	50.143064	14.230734	"Bohemia_EE"		"Female"			"I7193"	874745	842987	"NA"	"NA"	"0-0.9%*"	"PSUAMS-4234"	4890	25	3706	3641	"direct"	"R1b1"		
"I7194"	"Makotřasy_tp27/81-ditch II-b2/1"	"Bohemia"	"Funnel Beaker"	"Neolithic"	"This study"	50.143064	14.230734	"Bohemia_EE"		"Female"			"I7194"	890935	858609	"NA"	"NA"	"0-0%*"	"PSUAMS-4235"	4770	20	3638	3522	"direct"	"K1a3a"		
"I14173"	"Makotřasy_tp27/81-ditch II-b3"	"Bohemia"	"Funnel Beaker"	"Neolithic"	"This study"	50.143064	14.230734	"Bohemia_EE"		"Male"			"I14173"	852452	811948	0.00242		"0-0.5%*"	"NA"	"NA"	"NA"	3638	3522	"inferred after stratigraphy with I7194"	"K1a+195"	"R1b - V88"	
"I14171"	"Makotřasy_124/75"	"Bohemia"	"Funnel Beaker"	"Neolithic"	"This study"	50.143064	14.230734	"Bohemia_EE"		"Female"			"I14171"	807073	778906	"NA"	"NA"	"0-0.4%*"	"NA"	"NA"	"NA"	3800	3500	"inferred"	"H3"		
"I14172"	"Makotřasy_127/80"	"Bohemia"	"Funnel Beaker"	"Neolithic"	"This study"	50.143064	14.230734	"Bohemia_EE"		"Female"			"I14172"	821085	792079	"NA"	"NA"	"0-1.4%*"	"NA"	"NA"	"NA"	3800	3500	"inferred"	"U3a1"		
"I14176"	"Makotřasy_100/61"	"Bohemia"	"Funnel Beaker"	"Neolithic"	"This study"	50.143064	14.230734	"Bohemia_EE"		"Male"			"I14176"	801332	764167	0.00365		"0-0%*"	"NA"	"NA"	"NA"	3700	3500	"inferred (2nd-3rd degree relative of I7189)"	"K1a4a1"	"R1b - V88"	
"I14167"	"Makotřasy_59/61"	"Bohemia"	"Funnel Beaker"	"Neolithic"	"This study"	50.143064	14.230734	"Bohemia_EE"		"Male"			"I14167"	788453	753658	0.00179		"0-0.5%*"	"NA"	"NA"	"NA"	3800	3500	"inferred"	"U5b3"	"I2a1a2a "	
"I14175"	"Makotřasy_1/61-b2"	"Bohemia"	"Funnel Beaker"	"Neolithic"	"This study"	50.143064	14.230734	"Bohemia_EE"		"Female"			"I14175"	807294	778786	"NA"	"NA"	"0-0%*"	"NA"	"NA"	"NA"	3800	3500	"inferred"	"J1c2"		
"I14170"	"Makotřasy_35/61"	"Bohemia"	"Funnel Beaker"	"Neolithic"	"This study"	50.143064	14.230734	"Bohemia_EE"		"Male"			"I14170"	823853	785491	0.00492		"0-0.8%*"	"NA"	"NA"	"NA"	3800	3500	"inferred"	"H+16129"	"I2a1a2"	
"I14169"	"Makotřasy_tp19/79-ditch II-125"	"Bohemia"	"Funnel Beaker"	"Neolithic"	"This study"	50.143064	14.230734	"Bohemia_EE"		"Male"			"I14169"	833822	794410	0.00224		"0-0.1%*"	"NA"	"NA"	"NA"	3800	3500	"inferred"	"N1a1a1a2"	"R1b - V88"	
"I14168"	"Makotřasy_115/61"	"Bohemia"	"Funnel Beaker"	"Neolithic"	"This study"	50.143064	14.230734	"Bohemia_EE"		"Female"			"I14168"	752117	726024	"NA"	"NA"	"0-0.3%*"	"NA"	"NA"	"NA"	3800	3500	"inferred"	"U5b2b3a"		
"I14174"	"Makotřasy_28/61"	"Bohemia"	"Funnel Beaker"	"Neolithic"	"This study"	50.143064	14.230734	"Bohemia_EE"		"Male"			"I14174"	809710	772078	0.00417		"0-1.6%*"	"NA"	"NA"	"NA"	3800	3500	"inferred"	"H"	"C1a2"	
"I16122"	"Makotřasy_tp27/81-ditch II-b6"	"Bohemia"	"Funnel Beaker"	"Neolithic"	"This study"	50.143064	14.230734	"Bohemia_EE"		"Female"			"I16122"	546571	527660	"NA"	"NA"	"0-2.1%*"	"NA"	"NA"	"NA"	3638	3522	"inferred after stratigraphy with I7194"	"V"		
"I16121"	"Makotřasy_tp27/81-ditch II-b4"	"Bohemia"	"Funnel Beaker"	"Neolithic"	"This study"	50.143064	14.230734	"Bohemia_EE"		"Female"			"I16121"	604494	583364	"NA"	"NA"	"0-2.2%*"	"NA"	"NA"	"NA"	3638	3522	"inferred after stratigraphy with I7194"	"T2c1d1"		
"DRO001"	"Droužkovice_20B-2"	"Bohemia"	"Corded Ware"	"Corded Ware"	"This study"	50.436881	13.41345	"Bohemia_CW_Early"		"Male"	1	"double stranded"	"DRO001.B0101.TF1.1"	674898	651211	0.00267	0.00411	"1-3%"	"MAMS-45783"	4147.07914011947	23.4749472112845	2872	2633	"direct"	"H2b"	"Q1b2a"	
"KOB001"	"Kolín-Šťáralka_56/H1"	"Bohemia"	"Funnel Beaker"	"Neolithic"	"This study"	50.00873	15.23091	"excluded (kinship)"	"1dRel_KOB002, 1dRel_KOB007"	"Female"	1	"double stranded"	"KOB001.A0101.TF1.1"	107244	103908	"NA"	"NA"	"1-2%"	"NA"	"NA"	"NA"	3756	3642	"inferred (kinship with KOB002 and KOB007)"	"T1a2"		
"KOB002"	"Kolín-Šťáralka_57/H2"	"Bohemia"	"Funnel Beaker"	"Neolithic"	"This study"	50.00873	15.23091	"Bohemia_EE"	"1dRel KOB001"	"Female"	1	"double stranded"	"KOB002.A0101.TF1.1"	668867	646334	"NA"	"NA"	"0-2%"	"MAMS-45784"	4905.20908658948	25.1317880776208	3747	3642	"direct"	"T1a2"		
"KOB003"	"Kolín-Šťáralka_66/H5"	"Bohemia"	"Funnel Beaker"	"Neolithic"	"This study"	50.00873	15.23091	"Bohemia_EE"		"Male"	1	"double stranded"	"KOB003.B0101.TF1.1"	278664	270463	0.075724	0.0388	"1-2%"	"NA"	"NA"	"NA"	3800	3500	"inferred"	"N"	"T1a1"	
"KOB004"	"Kolín-Šťáralka_68/H6"	"Bohemia"	"Funnel Beaker"	"Neolithic"	"This study"	50.00873	15.23091	"Bohemia_EE"		"Female"	1	"double stranded"	"KOB004.A0101.TF1.1"	288757	279782	"NA"	"NA"	"0-1%"	"NA"	"NA"	"NA"	3800	3500	"inferred"	"H7d"		
"KOB005"	"Kolín-Šťáralka_72/H10"	"Bohemia"	"Funnel Beaker"	"Neolithic"	"This study"	50.00873	15.23091	"Bohemia_EE"		"Female"	1	"double stranded"	"KOB005.A0101.TF1.1"	24284	23505	"NA"	"NA"	"0-2%"	"MAMS-45785"	4985.57940221328	24.3591270708484	3906	3701	"direct"	"T1a2"		
"KOB007"	"Kolín-Šťáralka_77/H14"	"Bohemia"	"Funnel Beaker"	"Neolithic"	"This study"	50.00873	15.23091	"Bohemia_EE"	"1dRel KOB001"	"Male"	1	"double stranded"	"KOB007.B0101.TF1.1"	195145	189270	-0.006058	0.00328	"1-3%"	"MAMS-45786"	4908.39710028727	24.5346902993348	3756	3643	"direct"	"U5b1d1a"	"T1a1"	
"KON001"	"Konobrže_10A/91"	"Bohemia"	"Corded Ware"	"Corded Ware"	"This study"	50.555735	13.660563	"Bohemia_CW_Early"		"Female"	1	"double stranded"	"KON001.B0101.TF1.1"	422821	409164	"NA"	"NA"	"11-21%"	"MAMS-45787"	4147.46877052683	24.1777590381486	2872	2632	"direct"	"T2b"		
"KON003"	"Konobrže_26A/91"	"Bohemia"	"Corded Ware"	"Corded Ware"	"This study"	50.555735	13.660563	"Bohemia_CW_Early"		"Male"	1	"double stranded"	"KON003.A0101.TF1.1"	86224	83809	"failed"	"failed"	"1-2%"	"NA"	"NA"	"NA"	2900	2500	"inferred"	"L1'2'3'4'5'6"	"R1b - L151"	"xP312, no coverage at U106"
"KON004"	"Konobrže_31/91"	"Bohemia"	"Corded Ware"	"Corded Ware"	"This study"	50.555735	13.660563	"Bohemia_CW_Late"		"Female"	1	"double stranded"	"KON004.B0101.TF1.1"	794162	767619	"NA"	"NA"	"0-2%"	"MAMS-45788"	3947.21940914604	23.905155046184	2564	2347	"direct"	"U5b2a1a1"		
"KON005"	"Konobrže_26/94"	"Bohemia"	"Corded Ware"	"Corded Ware"	"This study"	50.555735	13.660563	"Bohemia_CW_Early"		"Male"	1	"double stranded"	"KON005.A0101.TF1.1"	21980	21360	"failed"		"1-2%"	"MAMS-45789"	4129.97510771487	23.790928967663	2868	2586	"direct"	"U"	"R1b - M269"	"low coverage, no coverage at L151, U106, P312 or Z2103"
"NER001"	"Neratovice_1"	"Bohemia"	"Jordanów"	"Neolithic"	"This study"	50.268076	14.523173	"Bohemia_PE"		"Male"	1	"double stranded"	"NER001.A0101.TF1.1"	580344	560882	0.014244	0.00786	"0-2%"	"MAMS-45790"	5283.89789	26.77386	4231	4000	"direct"	"U5b1d1"	"I2a1b1a"	
"PNL002"	"Plotiště nad Labem_221B"	"Bohemia"	"Corded Ware"	"Corded Ware"	"This study"	50.250195	15.811275	"Bohemia_CW_Early"		"Male"	1	"double stranded"	"PNL002.A0101.TF1.1"	855148	820867	0.005416	0.00296	"0-2%"	"Poz-86648"	4110	35	2869	2573	"direct"	"H3b"	"R1a - M417 (xZ645)"	"S2846,Z2461"
"RDV001"	"Radovesice_41/83"	"Bohemia"	"Corded Ware"	"Corded Ware"	"This study"	50.542303	13.843248	"Bohemia_CW_Early"		"Male"	1	"double stranded"	"RDV001.B0101.TF1.1"	798543	768036	0.023743	0.00549	"1-2%"	"MAMS-45791"	4080.62343866278	25.4014091105902	2852	2498	"direct"	"W6a"	"R1a - M417 (xZ645)"	"xZ647"
"STD001"	"Stadice_28"	"Bohemia"	"Corded Ware"	"Corded Ware"	"This study"	50.612939	13.961205	"Bohemia_CW_Late"		"Male"	1	"double stranded"	"STD001.B0101.TF1.1"	612594	591791	0.008308	0.00542	"0-2%"	"NA"	"NA"	"NA"	2650	2450	"inferred"	"W5a"	"R1a - M417 (xZ645)"	
"STD002"	"Stadice_29"	"Bohemia"	"Corded Ware"	"Corded Ware"	"This study"	50.612939	13.961205	"Bohemia_CW_Early"		"Male"	1	"double stranded"	"STD002.B0101.TF1.1"	665762	642207	0.003418	0.00408	"0-2%"	"MAMS-45792"	4177.19096396967	24.6837298419488	2882	2673	"direct"	"I1a"	"R1b - L151"	"xP312, xU106"
"STD003"	"Stadice_67"	"Bohemia"	"Corded Ware"	"Corded Ware"	"This study"	50.612939	13.961205	"Bohemia_CW_noSteppe"		"Female"	1	"double stranded"	"STD003.B0101.TF1.1"	365744	354372	"NA"	"NA"	"1-2%"	"MAMS-45793"	4313.69501612293	25.1929056696622	3010	2889	"direct"	"K2a"		
"TRM001"	"Trmice_4/87"	"Bohemia"	"Corded Ware"	"Corded Ware"	"This study"	50.637938	13.992275	"Bohemia_CW_Early"		"Male"	1	"double stranded"	"TRM001.A0101.TF1.1"	44959	43761	"failed"	"failed"	"1-2%"	"NA"	"NA"	"NA"	2900	2500	"inferred"	"L1'2'3'4'5'6"	"R1a"	"low coverage"
"TRM003"	"Trmice_10/87"	"Bohemia"	"Corded Ware"	"Corded Ware"	"This study"	50.637938	13.992275	"Bohemia_CW_Early"		"Female"	1	"double stranded"	"TRM003.B0101.TF1.1"	803239	776511	"NA"	"NA"	"0-2%"	"MAMS-45794"	4093.40863398401	23.868046208748	2856	2506	"direct"	"H1q"		
"TRM006"	"Trmice_109/82"	"Bohemia"	"Corded Ware"	"Corded Ware"	"This study"	50.637938	13.992275	"Bohemia_CW_Early"		"Male"	1	"double stranded"	"TRM006.B0101.TF1.1"	850932	817467	0.006957	0.00303	"0-2%"	"MAMS-45796"	4104.99132621082	25.3266589907632	2859	2576	"direct"	"R1b1"	"R1a - M417 (xZ645)"	"xZ647"
"VLI009"	"Vliněves_965"	"Bohemia"	"Corded Ware"	"Corded Ware"	"This study"	50.365945	14.446606	"Bohemia_CW_noSteppe"		"Female"	1	"double stranded"	"VLI009.D0101.TF1.1"	443015	428292	"NA"	"NA"	"0-2%"	"MAMS-45797"	4078.17562780337	25.1559184768282	2850	2497	"direct"	"J1c4"		
"VLI071"	"Vliněves_865"	"Bohemia"	"Corded Ware"	"Corded Ware"	"This study"	50.365945	14.446606	"Bohemia_CW_Early"		"Female"	1	"double stranded"	"VLI071.B0101.TF1.1"	791774	765444	"NA"	"NA"	"0-1%"	"MAMS-45798"	4171.4260181662	26.0370522331829	2880	2640	"direct"	"H"		
"VLI075"	"Vliněves_1071"	"Bohemia"	"Corded Ware"	"Corded Ware"	"This study"	50.365945	14.446606	"Bohemia_CW_Early"		"Male"	1	"double stranded"	"VLI075.A0101.TF1.1"	40352	39258	"failed"	"failed"	"1-2%"	"NA"	"NA"	"NA"	2900	2500	"inferred"	"L3'4"	"R1a?"	"low coverage, xZ651"
"VLI076"	"Vliněves_1515"	"Bohemia"	"Corded Ware"	"Corded Ware"	"This study"	50.365945	14.446606	"Bohemia_CW_Early"		"Female"	1	"double stranded"	"VLI076.B0101.TF1.1"	756412	731287	"NA"	"NA"	"0-2%"	"MAMS-45799"	4339.94182283987	25.3012256679432	3018	2901	"direct"	"N1a1a1a2"		
"VLI079"	"Vliněves_2583"	"Bohemia"	"Corded Ware"	"Corded Ware"	"This study"	50.365945	14.446606	"Bohemia_CW_noSteppe"		"Female"	1	"double stranded"	"VLI079.B0101.TF1.1"	557017	539571	"NA"	"NA"	"1-2%"	"MAMS-47026"	4095	23	2853	2503	"direct"	"W"		
"VLI081"	"Vliněves_2891"	"Bohemia"	"Corded Ware"	"Corded Ware"	"This study"	50.365945	14.446606	"Bohemia_CW_Early"		"Male"	1	"double stranded"	"VLI081.B0101.TF1.1"	138706	134763	-0.009198	0.00966	"1-2%"	"NA"	"NA"	"NA"	2900	2500	"inferred"	"L1'2'3'4'5'6"	"R1b - P310"	"low coverage, no coverage at L151, P312, U106 or Z2103"
"VLI085"	"Vliněves_4307"	"Bohemia"	"Corded Ware"	"Corded Ware"	"This study"	50.365945	14.446606	"Bohemia_CW_Early"		"Male"	1	"double stranded"	"VLI085.B0101.TF1.1"	347235	336727	0.008401	0.011	"1-2%"	"MAMS-45800"	4109.9906833632	27.2318726118842	2862	2576	"direct"	"J1c2m"	"R1b - L151"	"xU106, no coverage at P312"
"VLI088"	"Vliněves_5358"	"Bohemia"	"Corded Ware"	"Corded Ware"	"This study"	50.365945	14.446606	"Bohemia_CW_Early"		"Female"	1	"double stranded"	"VLI088.A0101.TF1.1"	236451	229368	"NA"	"NA"	"1-2%"	"CRL-9199"	4217	92	3081	2498	"direct"	"HV"		
"VLI090"	"Vliněves_7473"	"Bohemia"	"Corded Ware"	"Corded Ware"	"This study"	50.365945	14.446606	"Bohemia_CW_Early"		"Female"	1	"double stranded"	"VLI090.A0101.TF1.1"	349340	338414	"NA"	"NA"	"1-2%"	"CRL-9203"	4241	84	3085	2578	"direct"	"J1b1a1"		
"VLI092"	"Vliněves_9566A"	"Bohemia"	"Corded Ware"	"Corded Ware"	"This study"	50.365945	14.446606	"Bohemia_CW_Early"		"Male"	1	"double stranded"	"VLI092.A0101.TF1.1"	769073	740285	0.010595	0.00422	"1-3%"	"MAMS-45801"	4175.9116065263	25.6457112060707	2882	2669	"direct"	"N1a1a1a2"	"R1b - L151"	"xP312, xU106"
"I7271"	"Brandýsek"	"Bohemia"	"Bell Beaker"	"Bell Beaker"	"OlaldeNature2018"	50.192983	14.162141	"excluded (kinship)"	"1dRel_I7278"	"Male"				197023	190610	"passed quality control in original publication"			"NA"	"NA"	"NA"	2464	2299	"inferred (kinship with I7278)"	"U4a"	"R1b - P312"	"L2/S139"
"I7278"	"Brandýsek"	"Bohemia"	"Bell Beaker"	"Bell Beaker"	"OlaldeNature2018"	50.192983	14.162141	"Bohemia_BB_Late"	"1dRel_I7271"	"Male"				817846	779593	"passed quality control in original publication"			"PSUAMS-4349"	3890	20	2464	2299	"direct"	"U4a"	"R1b - P312"	"L2/S139"
"I7282"	"Radovesice"	"Bohemia"	"Bell Beaker"	"Bell Beaker"	"OlaldeNature2018"	50.555756	13.812862	"Bohemia_BB_Late"	"1dRel_I7283"	"Male"				806947	768951	"passed quality control in original publication"			"NA"	"NA"	"NA"	2464	2205	"inferred (kinship with I7283)"	"K1a3a3"	"R1b - P312"	"L2/S139"
"I7283"	"Radovesice"	"Bohemia"	"Bell Beaker"	"Bell Beaker"	"OlaldeNature2018"	50.555756	13.812862	"excluded (kinship)"	"1dRel_I7282"	"Female"				766614	740000	"passed quality control in original publication"			"KI-4448"	3860	45	2464	2205	"direct"	"K1a3a3"		
"I7289"	"Radovesice"	"Bohemia"	"Bell Beaker"	"Bell Beaker"	"OlaldeNature2018"	50.555756	13.812862	"Bohemia_BB_Late"	"1dRel_I7214"	"Male"				788622	752153	"passed quality control in original publication"			"PSUAMS-4353"	3860	20	2459	2214	"direct"	"U8b1b1"	"R1b - P312"	"L2/S139"
"I7210"	"Radovesice"	"Bohemia"	"Bell Beaker"	"Bell Beaker"	"OlaldeNature2018"	50.555756	13.812862	"Bohemia_BB_Late"	"1dRel_7212"	"Male"				767390	732307	"passed quality control in original publication"			"PSUAMS-4236"	3730	20	2201	2039	"direct"	"H6a1b4"	"R1b - P312"	"L2/S139"
"I7212"	"Radovesice"	"Bohemia"	"Bell Beaker"	"Bell Beaker"	"OlaldeNature2018"	50.555756	13.812862	"excluded (kinship)"	"1dRel_7210"	"Male"				767097	731828	"passed quality control in original publication"			"PSUAMS-4346"	3840	25	2456	2203	"direct"	"K1b1a1+199"	"R1b - P312"	"L2/S139"
"I7214"	"Radovesice"	"Bohemia"	"Bell Beaker"	"Bell Beaker"	"OlaldeNature2018"	50.555756	13.812862	"excluded (kinship)"	"1dRel_I7289"	"Female"				778562	751693	"passed quality control in original publication"			"NA"	"NA"	"NA"	2459	2214	"inferred (kinship with I7289)"	"U8b1b1"		
"I7205"	"Radovesice"	"Bohemia"	"Bell Beaker"	"Bell Beaker"	"OlaldeNature2018"	50.555756	13.812862	"Bohemia_BB_Late"		"Male"				792437	755568	"passed quality control in original publication"			"NA"	"NA"	"NA"	2300	2100	"inferred"	"H10+(16093)"	"R1b - P312"	"L2/S139"
"I7211"	"Radovesice"	"Bohemia"	"Bell Beaker"	"Bell Beaker"	"OlaldeNature2018"	50.555756	13.812862	"Bohemia_BB_Late"		"Female"				779777	752886	"passed quality control in original publication"			"PSUAMS-4345"	3800	20	2293	2146	"direct"	"U5b3"		
"I7213"	"Radovesice"	"Bohemia"	"Bell Beaker"	"Bell Beaker"	"OlaldeNature2018"	50.555756	13.812862	"Bohemia_BB_Late"		"Female"				765350	739009	"passed quality control in original publication"			"PSUAMS-4347"	3835	20	2431	2202	"direct"	".."		
"I7249"	"Brandýsek"	"Bohemia"	"Bell Beaker"	"Bell Beaker"	"OlaldeNature2018"	50.192983	14.162141	"Bohemia_BB_Late"		"Male"				800365	762919	"passed quality control in original publication"			"PSUAMS-4499"	3670	20	2136	1977	"direct"	"I2"	"R1b - P312"	"L2/S139"
"I7251"	"Brandýsek"	"Bohemia"	"Bell Beaker"	"Bell Beaker"	"OlaldeNature2018"	50.192983	14.162141	"Bohemia_BB_Late"		"Male"				777220	740972	"passed quality control in original publication"			"NA"	"NA"	"NA"	2400	2100	"inferred"	"U2e1h"	"R1b - P312"	"L2/S139"
"I7250"	"Brandýsek"	"Bohemia"	"Bell Beaker"	"Bell Beaker"	"OlaldeNature2018"	50.192983	14.162141	"Bohemia_BB_Late"		"Female"				161795	156533	"passed quality control in original publication"			"NA"	"NA"	"NA"	2300	2100	"inferred"	"R1a1a"		
"I7269"	"Brandýsek"	"Bohemia"	"Bell Beaker"	"Bell Beaker"	"OlaldeNature2018"	50.192983	14.162141	"Bohemia_BB_Late"		"Male"				720717	689387	"passed quality control in original publication"			"NA"	"NA"	"NA"	2500	2100	"inferred"	"T2e"	"R1b - P312"	"L2/S139"
"I7275"	"Brandýsek"	"Bohemia"	"Bell Beaker"	"Bell Beaker"	"OlaldeNature2018"	50.192983	14.162141	"Bohemia_BB_Late"		"Male"				726385	694004	"passed quality control in original publication"			"NA"	"NA"	"NA"	2300	2100	"inferred"	"U5b2c"	"R1b - P312"	"L2/S139"
"I7276"	"Brandýsek"	"Bohemia"	"Bell Beaker"	"Bell Beaker"	"OlaldeNature2018"	50.192983	14.162141	"Bohemia_BB_Late"		"Male"				785680	749404	"passed quality control in original publication"			"NA"	"NA"	"NA"	2300	2100	"inferred"	"H5b"	"R1b - P312"	"L2/S139"
"I7281"	"Praha - Malá Ohrada"	"Bohemia"	"Bell Beaker"	"Bell Beaker"	"OlaldeNature2018"	50.044031	14.338305	"Bohemia_BB_Late"		"Female"				771082	744300	"passed quality control in original publication"			"PSUAMS-4350"	3810	20	2334	2149	"direct"	"H5a1g"		
"I7286"	"Radovesice"	"Bohemia"	"Bell Beaker"	"Bell Beaker"	"OlaldeNature2018"	50.555756	13.812862	"Bohemia_BB_Late"		"Male"				821516	782925	"passed quality control in original publication"			"PSUAMS-4352"	3830	20	2399	2201	"direct"	"I4a"	"R1b - P312"	"L2/S139"
"I7287"	"Radovesice"	"Bohemia"	"Bell Beaker"	"Bell Beaker"	"OlaldeNature2018"	50.555756	13.812862	"Bohemia_BB_Late"		"Male"				652458	625543	"passed quality control in original publication"			"NA"	"NA"	"NA"	2300	2100	"inferred"	"K1a4a1"	"R1b - P312"	"L2/S139"
"I7288"	"Radovesice"	"Bohemia"	"Bell Beaker"	"Bell Beaker"	"OlaldeNature2018"	50.555756	13.812862	"Bohemia_BB_Late"		"Male"				92641	89727	"passed quality control in original publication"			"NA"	"NA"	"NA"	2300	2100	"inferred"	"H1m"	"R1b*"	"no cov @ L151, no cov @ U106, no cov @ P312"
"I7290"	"Radovesice"	"Bohemia"	"Bell Beaker"	"Bell Beaker"	"OlaldeNature2018"	50.555756	13.812862	"Bohemia_BB_Late"		"Female"				825256	795961	"passed quality control in original publication"			"NA"	"NA"	"NA"	2300	2100	"inferred"	"V3"		
"I4145"	"Kněževes (Kytlicová)"	"Bohemia"	"Bell Beaker"	"Bell Beaker"	"OlaldeNature2018 (known there as I5024)"	50.118118	14.258887	"Bohemia_BB_Late"		"Male"				94525	91399	"passed quality control in original publication"			"Poz-84460"	3740	35	2279	2033	"direct"	"H3"	"R1b - L151"	"no cov @ U106, no cov @ P312"
"I4136"	"Kněževes (Kytlicová)"	"Bohemia"	"Bell Beaker"	"Bell Beaker"	"OlaldeNature2018 (known there as I5025)"	50.118118	14.258887	"Bohemia_BB_Late"		"Female"				253195	244522	"passed quality control in original publication"			"NA"	"NA"	"NA"	2300	2100	"inferred"	"U5b2c"		
"I4945"	"Praha - Kobylisy"	"Bohemia"	"Bell Beaker"	"Bell Beaker"	"OlaldeNature2018"	50.121748	14.456951	"Bohemia_BB_Late"		"Female"				541824	520265	"passed quality control in original publication"			"PSUAMS-2854"	3795	20	2291	2144	"direct"	"H4a1c"		
"I4946"	"Praha - Jinonice, Butovická (Kuchařík)"	"Bohemia"	"Bell Beaker"	"Bell Beaker"	"OlaldeNature2018"	50.050415	14.366727	"Bohemia_BB_Late"		"Female"				382402	367335	"passed quality control in original publication"			"PSUAMS-2801"	3805	20	2297	2147	"direct"	"I4a"		
"I4885"	"Praha - Kobylisy"	"Bohemia"	"Bell Beaker"	"Bell Beaker"	"OlaldeNature2018"	50.121748	14.456951	"Bohemia_BB_Late"		"Male"				839659	799067	"passed quality control in original publication"			"PSUAMS-2843"	3790	20	2289	2143	"direct"	"U5a1i"	"R1b - P312"	"L2/S139"
"I4886"	"Praha - Kobylisy"	"Bohemia"	"Bell Beaker"	"Bell Beaker"	"OlaldeNature2018"	50.121748	14.456951	"Bohemia_BB_Late"		"Male"				871212	828385	"passed quality control in original publication"			"PSUAMS-2844"	3740	20	2205	2042	"direct"	"H6a"	"R1b - P312"	"L2/S139"
"I4887"	"Praha - Kobylisy"	"Bohemia"	"Bell Beaker"	"Bell Beaker"	"OlaldeNature2018"	50.121748	14.456951	"excluded (kinship)"	"1dRel_I4888"	"Male"				840760	800295	"passed quality control in original publication"			"PSUAMS-2845"	3730	20	2201	2039	"direct"	"K1a2c"	"R1b - P312"	"L2/S139"
"I4888"	"Praha - Kobylisy"	"Bohemia"	"Bell Beaker"	"Bell Beaker"	"OlaldeNature2018"	50.121748	14.456951	"Bohemia_BB_Late"	"1dRel_I4887"	"Male"				856986	815489	"passed quality control in original publication"			"PSUAMS-2846"	3700	20	2190	2029	"direct"	"K1a2c"	"R1b - P312"	"L2/S139"
"I4889"	"Praha - Kobylisy"	"Bohemia"	"Bell Beaker"	"Bell Beaker"	"OlaldeNature2018"	50.121748	14.456951	"Bohemia_BB_Late"		"Male"				872545	830122	"passed quality control in original publication"			"PSUAMS-2847"	3765	20	2281	2062	"direct"	"U4a"	"R1b - P312"	"L2/S139"
"I4891"	"Praha - Kobylisy"	"Bohemia"	"Bell Beaker"	"Bell Beaker"	"OlaldeNature2018"	50.121748	14.456951	"Bohemia_BB_Late"		"Male"				866262	824055	"passed quality control in original publication"			"PSUAMS-2848"	3765	20	2281	2062	"direct"	"J2a1a2"	"R1b - P312"	"L2/S139"
"I4895"	"Praha - Jinonice, Butovická (Kuchařík)"	"Bohemia"	"Bell Beaker"	"Bell Beaker"	"OlaldeNature2018"	50.050415	14.366727	"Bohemia_BB_Late"		"Male"				838035	797568	"passed quality control in original publication"			"PSUAMS-2852"	3750	20	2273	2047	"direct"	"H1+16189"	"R1b - P312"	"L2/S139"
"I4896"	"Praha - Jinonice, Butovická (Kuchařík)"	"Bohemia"	"Bell Beaker"	"Bell Beaker"	"OlaldeNature2018"	50.050415	14.366727	"Bohemia_BB_Late"		"Female"				835149	805493	"passed quality control in original publication"			"PSUAMS-2853"	3785	20	2288	2142	"direct"	"U5a2+16294"		
"I5514"	"Praha - Jinonice, Butovická (Kuchařík)"	"Bohemia"	"Bell Beaker"	"Bell Beaker"	"OlaldeNature2018"	50.050415	14.366727	"Bohemia_BB_Late"		"Male"				886556	843056	"passed quality control in original publication"			"PSUAMS-2864"	3780	20	2286	2139	"direct"	"T2b+152"	"R1b - P312"	"L2/S139"
"I5666"	"Lochenice"	"Bohemia"	"Bell Beaker"	"Bell Beaker"	"OlaldeNature2018"	50.277163	15.817748	"Bohemia_BB_Late"		"Male"				291511	281087	"passed quality control in original publication"			"NA"	"NA"	"NA"	2300	2100	"inferred"	"U4a"	"R1b - P312"	"L2/S139"
"I6480"	"Velké Přílepy"	"Bohemia"	"Bell Beaker"	"Bell Beaker"	"OlaldeNature2018"	50.155159	14.318068	"Bohemia_BB_Late"		"Male"				436920	421263	"passed quality control in original publication"			"NA"	"NA"	"NA"	2300	2100	"inferred"	"U4a"	"R1b - P312"	"L2/S139"
"I7207"	"Radovesice"	"Bohemia"	"Corded Ware"	"Corded Ware"	"NarasimhanPattersonScience2019"	50.539074	13.828829	"Bohemia_CW_Late"		"Male"				810663	773980	"passed quality control in original publication"			"PSUAMS-3887"	3935	25	2559	2340	"direct"	"W3a1"	"R1a - M417 (xZ645)"	
"I7208"	"Radovesice"	"Bohemia"	"Corded Ware"	"Corded Ware"	"NarasimhanPattersonScience2019"	50.539074	13.828829	"Bohemia_CW_Late"		"Male"				833614	795167	"passed quality control in original publication"			"PSUAMS-3888"	3885	25	2464	2295	"direct"	"U5a1b"	"R1a - M417 (xZ645)"	
"I7209"	"Radovesice"	"Bohemia"	"Corded Ware"	"Corded Ware"	"NarasimhanPattersonScience2019"	50.539074	13.828829	"Bohemia_CW_Late"		"Male"				894368	851023	"passed quality control in original publication"			"PSUAMS-4026"	3850	25	2458	2207	"direct"	"J1c2"	"R1a - M417 (xZ645)"	
"I6695"	"Bílina"	"Bohemia"	"Corded Ware"	"Corded Ware"	"NarasimhanPattersonScience2019"	50.552828	13.786885	"Bohemia_CW_Late"		"Female"				848607	818114	"passed quality control in original publication"			"NA"	"NA"	"NA"	2600	2350	"inferred"	"H2a3"		
"I6696"	"Velké Žernoseky"	"Bohemia"	"Corded Ware"	"Corded Ware"	"NarasimhanPattersonScience2019"	50.532078	14.070678	"Bohemia_CW_Early"		"Male"				874563	832630	"passed quality control in original publication"			"MAMS-44710"	4127	25	2866	2583	"direct"	"H2a1"	"I2a1"	
"I7279"	"Brandýsek"	"Bohemia"	"Corded Ware"	"Corded Ware"	"OlaldeNature2018"	50.192983	14.162141	"Bohemia_CW_Late"		"Male"				651390	624898	"passed quality control in original publication"			"NA"	"NA"	"NA"	2500	2350	"inferred"	"H7d"	"R1a - M417 (xZ645)"	
"I7280"	"Brandýsek"	"Bohemia"	"Corded Ware"	"Corded Ware"	"OlaldeNature2018"	50.192983	14.162141	"Bohemia_CW_Late"		"Male"				801848	764674	"passed quality control in original publication"			"NA"	"NA"	"NA"	2700	2500	"inferred"	"W5a"	"R1a - M417 (xZ645)"	
"I7195"	"Praha - Jinonice, Holm. zahr."	"Bohemia"	"Únětice"	"Early Bronze Age"	"OlaldeNature2018"	50.051072	14.362115	"Bohemia_Unetice_preClassical"		"Female"				709545	685259	"passed quality control in original publication"			"NA"	"NA"	"NA"	2200	1950	"inferred"	"H3v+16093"		
"I7196"	"Praha - Jinonice, Holm. zahr."	"Bohemia"	"Únětice"	"Early Bronze Age"	"OlaldeNature2018"	50.051072	14.362115	"Bohemia_Unetice_preClassical"		"Male"				739216	706021	"passed quality control in original publication"			"NA"	"NA"	"NA"	2200	1950	"inferred"	"K1a+195"	"R1b - U106"	
"I7198"	"Praha - Jinonice, Holm. zahr."	"Bohemia"	"Únětice"	"Early Bronze Age"	"OlaldeNature2018"	50.051072	14.362115	"Bohemia_Unetice_preClassical"		"Female"				794831	767162	"passed quality control in original publication"			"PSUAMS-3885"	3685	25	2189	1978	"direct"	"U5b2c"		
"I7199"	"Praha - Jinonice, Holm. zahr."	"Bohemia"	"Únětice"	"Early Bronze Age"	"OlaldeNature2018"	50.051072	14.362115	"Bohemia_Unetice_preClassical"		"Male"				811049	773067	"passed quality control in original publication"			"PSUAMS-3886"	3700	25	2196	1985	"direct"	"J1c3a"	"I2a2"	
"I7200"	"Praha - Jinonice, Holm. zahr."	"Bohemia"	"Únětice"	"Early Bronze Age"	"OlaldeNature2018"	50.051072	14.362115	"Bohemia_Unetice_preClassical"		"Female"				761319	735228	"passed quality control in original publication"			"NA"	"NA"	"NA"	2200	1950	"inferred"	"R1b1"		
"I7201"	"Praha - Jinonice, Holm. zahr."	"Bohemia"	"Únětice"	"Early Bronze Age"	"OlaldeNature2018"	50.051072	14.362115	"Bohemia_Unetice_preClassical"		"Female"				713359	688617	"passed quality control in original publication"			"NA"	"NA"	"NA"	2200	1950	"inferred"	"U5a1a2b"		
"I7202"	"Praha - Jinonice, Holm. zahr."	"Bohemia"	"Únětice"	"Early Bronze Age"	"OlaldeNature2018"	50.051072	14.362115	"Bohemia_Unetice_preClassical"		"Male"				559836	537936	"passed quality control in original publication"			"NA"	"NA"	"NA"	2200	1950	"inferred"	"U5a1a2b"	"R1b - P312"	
"I7203"	"Praha - Jinonice, Holm. zahr."	"Bohemia"	"Únětice"	"Early Bronze Age"	"OlaldeNature2018"	50.051072	14.362115	"Bohemia_Unetice_preClassical"		"Male"				76637	74278	"passed quality control in original publication"			"NA"	"NA"	"NA"	2200	1950	"inferred"	"H1"	"R1a*"	"no coverage at Z645"
"I4139"	"Velké Přílepy"	"Bohemia"	"Únětice"	"Early Bronze Age"	"OlaldeNature2018 (known there as I5035)"	50.155159	14.318068	"Bohemia_Unetice_preClassical"		"Female"				717475	692840	"passed quality control in original publication"			"NA"	"NA"	"NA"	2200	1950	"inferred"	"T2b"		
"I4884"	"Praha - Kobylisy"	"Bohemia"	"Únětice"	"Early Bronze Age"	"OlaldeNature2018"	50.121748	14.456951	"Bohemia_Unetice_Classical"		"Male"				879517	836367	"passed quality control in original publication"			"PSUAMS-2842"	3480	20	1882	1745	"direct"	"H4a1a1a"	"I2a2"	
"I4892"	"Praha - Kobylisy"	"Bohemia"	"Únětice"	"Early Bronze Age"	"OlaldeNature2018"	50.121748	14.456951	"Bohemia_Unetice_Classical"		"Female"				837762	807997	"passed quality control in original publication"			"PSUAMS-2849"	3475	20	1881	1701	"direct"	"T1a1"		
"I7197"	"Praha - Jinonice, Holm. zahr."	"Bohemia"	"Neolithic (Stroked pottery)"	"Neolithic"	"OlaldeNature2018"	50.051072	14.362115	"Bohemia_N"		"Male"				758076	723499	"passed quality control in original publication"			"PSUAMS-4344"	5660	25	4546	4451	"direct"	"X2b+226"	"I2a1"	
"I7272"	"Brandýsek"	"Bohemia"	"Funnel Beaker"	"Neolithic"	"OlaldeNature2018"	50.192983	14.162141	"Bohemia_EE"		"Male"				794668	757815	"passed quality control in original publication"			"PSUAMS-4239"	4715	20	3630	3377	"direct"	"K2a5"	"I2a2a2"	
"I4893"	"Praha - Kobylisy"	"Bohemia"	"Neolithic (Stroked pottery/Lengyel)"	"Neolithic"	"OlaldeNature2018"	50.121748	14.456951	"Bohemia_N"		"Male"				860615	818843	"passed quality control in original publication"			"PSUAMS-2850"	5550	20	4449	4348	"direct"	"U5b1+16189+@16192"	"G2a2a1"	
"I4894"	"Praha - Kobylisy"	"Bohemia"	"Neolithic (Stroked pottery/Lengyel)"	"Neolithic"	"OlaldeNature2018"	50.121748	14.456951	"Bohemia_N"		"Female"				846899	816378	"passed quality control in original publication"			"PSUAMS-2851"	5610	20	4488	4368	"direct"	"U8b1b1"		
"I6677"	"Bílina"	"Bohemia"	"Funnel Beaker"	"Neolithic"	"NarasimhanPattersonScience2019"	50.552828	13.786885	"Bohemia_EE"		"Male"				898523	854799	"passed quality control in original publication"			"NA"	"NA"	"NA"	3800	3400	"inferred"	"T2b"	"H2"	
"kol002"	"Kolín I-3, late strok. pot. sample 2"	"Bohemia"	"Neolithic (Stroked pottery)"	"Neolithic"	"SanchezQuintoPNAS2019"	50.031447	15.169352	"Bohemia_N"		"Female"				100449	96322	"passed quality control in original publication"			"UGAMS-9614"	5710	25	4650	4460	"direct"	"H+16129"		
"kol006"	"Kolín I-7, early strok. pot. sample 6"	"Bohemia"	"Neolithic (Stroked pottery)"	"Neolithic"	"SanchezQuintoPNAS2019"	50.033343	15.168084	"Bohemia_N"		"Female"				807562	777504	"passed quality control in original publication"			"UGAMS-9615"	5950	25	4910	4740	"direct"	"W1+119"		
"I6468"	"Velké Přílepy"	"Bohemia"	"Bell Beaker"	"Bell Beaker"	"OlaldeNature2018"	50.155159	14.318068	"Bohemia_BB_Late"		"Female"				50470	48697	"passed quality control in original publication"			"NA"	"NA"	"NA"	2300	2100	"inferred"	"K2b1"		
"I7270"	"Brandýsek"	"Bohemia"	"Bell Beaker"	"Bell Beaker"	"OlaldeNature2018"	50.192983	14.162141	"Bohemia_BB_Late"		"Female"				42477	41102	"passed quality control in original publication"			"NA"	"NA"	"NA"	2400	2100	"inferred"	"K1a2c"		
"I4890"	"Praha - Kobylisy"	"Bohemia"	"Bell Beaker"	"Bell Beaker"	"OlaldeNature2018"	50.121748	14.456951	"Bohemia_BB_Late"		"Male"				38273	37120	"passed quality control in original publication"			"NA"	"NA"	"NA"	2300	2100	"inferred"	"H"	"R1b - L151"	"no cov @ U106, no cov @ P312"
