Instance ID	Master ID	Skeletal code	Skeletal element	Year this sample was first published	Publication	Representative contact	Average of 95.4% date range in calBP (defined as 1950 CE)  	Date: One of two formats. (Format 1) 95.4% CI calibrated radiocarbon age (Conventional Radiocarbon Age BP, Lab number) e.g. 5983-5747 calBCE (6980¬±50 BP, Beta-226472). (Format 2) Archaeological context date, e.g. 2500-1700 BCE	Group_ID	Locality	Country	Lat.	Long.	Data type	Coverage on autosomal targets	SNPs hit on autosomal targets	Sex
I1542	I1542	ESP33	tooth	2015	MathiesonNature2015	Haak, Wolfgang	4225	2500-2050 BCE	Germany_CordedWare	Esperstedt	Germany	51.42	11.68	1240K	0.068	76340	M
I1536	I1536	ESP17	tooth	2015	MathiesonNature2015	Haak, Wolfgang	4225	2500-2050 BCE	Germany_CordedWare	Esperstedt	Germany	51.42	11.68	1240K	0.105	114655	M
I1544	I1544	ESP36	tooth	2015	MathiesonNature2015	Haak, Wolfgang	4225	2500-2050 BCE	Germany_CordedWare	Esperstedt	Germany	51.42	11.68	1240K	0.104	114655	M
I1538	I1538	ESP20	tooth	2015	MathiesonNature2015	Haak, Wolfgang	4225	2500-2050 BCE	Germany_CordedWare	Esperstedt	Germany	51.42	11.68	1240K	0.126	135269	M
I1539	I1539	ESP25	tooth	2015	MathiesonNature2015	Haak, Wolfgang	4420	2630-2287 calBCE (3967¬±57 BP, Erl-7779)	Germany_CordedWare	Esperstedt	Germany	51.42	11.68	1240K	0.132	138220	F
I1534	I1534	ESP14	tooth	2015	MathiesonNature2015	Haak, Wolfgang	4225	2500-2050 BCE	Germany_CordedWare	Esperstedt	Germany	51.42	11.68	1240K	0.158	164095	M
I0106	I0106	ESP26	tooth	2015	MathiesonNature2015 (1240k of same same sample with 390k in HaakLazaridis2015)	Haak, Wolfgang	4297	2461-2208 calBCE (3867¬±32 BP, MAMS-21490)	Germany_CordedWare	Esperstedt	Germany	51.42	11.68	1240K	0.224	222103	F
I1532	I1532	ESP8	tooth	2015	MathiesonNature2015	Haak, Wolfgang	4225	2500-2050 BCE	Germany_CordedWare	Esperstedt	Germany	51.42	11.68	1240K	0.566	464060	M
I0049	I0049	ESP22	tooth	2015	MathiesonNature2015 (1240k of same same sample with 390k in HaakLazaridis2015)	Haak, Wolfgang	4295	2463-2206 calBCE (3867¬±35 BP, MAMS-21489)	Germany_CordedWare	Esperstedt	Germany	51.42	11.68	1240K	0.649	514322	F
I0103	I0103	ESP16	tooth	2015	MathiesonNature2015 (1240k of same same sample with 390k in HaakLazaridis2015)	Haak, Wolfgang	4472	2617-2461 calBCE (4000¬±31 BP, MAMS-21488)	Germany_CordedWare	Esperstedt	Germany	51.42	11.68	1240K	17.528	1049840	F
I0104	I0104	ESP11	tooth	2015	MathiesonNature2015 (1240k of same same sample with 390k in HaakLazaridis2015)	Haak, Wolfgang	4358	2563-2295 calBCE (3927¬±37 BP, MAMS-21487)	Germany_CordedWare	Esperstedt	Germany	51.42	11.68	1240K	4.184	962767	M
I0707	I0707	BAR2 / L11-213	petrous	2015	MathiesonNature2015	Pinhasi, Ron	8092	6220-6064 calBCE (7272¬±34 BP, Tubitak-0455 [redated after receiving a date of 9650-9291 calBCE (9935¬±35 BP, PSUAMS-3180) that does not fit the archaeological context; the new date is consistent with other samples at the same site and suggests that the older date may be a product of a sample mixup]	Anatolia_Neolithic	Northwest Anatolia, Marmara, Barcƒ±n	Turkey	40.3037	29.6085	1240K	9.431	990132	F
I0708	I0708	BAR6 / L11-439	petrous	2015	MathiesonNature2015	Pinhasi, Ron	8097	6221-6073 calBCE (7285¬±30 BP, PSUAMS-2103)	Anatolia_Neolithic	Northwest Anatolia, Marmara, Barcƒ±n	Turkey	40.3037	29.6085	1240K	6.948	980130	M
I0709	I0709	BAR20/ M13-170	petrous	2015	MathiesonNature2015	Pinhasi, Ron	8086	6215-6056 calBCE (7255¬±30 BP, PSUAMS-2952)	Anatolia_Neolithic	Northwest Anatolia, Marmara, Barcƒ±n	Turkey	40.3037	29.6085	1240K	9.765	987745	M
I0723	I0723	T1, M229 / UH	tooth	2015	MathiesonNature2015	Pinhasi, Ron	7870	5995-5845 calBCE (7035¬±35 BP, PSUAMS-1965)	Anatolia_Neolithic	Mentese	Turkey	40.26	29.65	1240K	0.472	422038	M
I0724	I0724	T2 / UP	tooth	2015	MathiesonNature2015	Pinhasi, Ron	7950	6400-5600 BCE	Anatolia_Neolithic	Mentese	Turkey	40.26	29.65	1240K	0.048	55915	M
I0725	I0725	T4 / SSK15	tooth	2015	MathiesonNature2015	Pinhasi, Ron	7950	6400-5600 BCE	Anatolia_Neolithic	Mentese	Turkey	40.26	29.65	1240K	0.038	43335	F
I0726	I0726	M15.2	tooth (incisor)	2015	MathiesonNature2015	Pinhasi, Ron	7950	6400-5600 BCE	Anatolia_Neolithic	Mentese	Turkey	40.26	29.65	1240K	0.221	228543	F
I0727	I0727	M24 / UA JK 16	..	2015	MathiesonNature2015	Pinhasi, Ron	7950	6400-5600 BCE	Anatolia_Neolithic	Mentese	Turkey	40.26	29.65	1240K	0.039	45248	M
I0736	I0736	L11-216	petrous	2015	MathiesonNature2015	Pinhasi, Ron	8300	6500-6200 BCE	Anatolia_Neolithic	Northwest Anatolia, Marmara, Barcƒ±n	Turkey	40.3037	29.6085	1240K	2.248	799433	F
I0744	I0744	M10-275	petrous	2015	MathiesonNature2015	Pinhasi, Ron	8273	6402-6243 calBCE (7455¬±30 BP, PSUAMS-2299)	Anatolia_Neolithic	Northwest Anatolia, Marmara, Barcƒ±n	Turkey	40.3037	29.6085	1240K	2.39	884258	M
I0745	I0745	M11-363	petrous	2015	MathiesonNature2015	Pinhasi, Ron	8251	6374-6227 calBCE (7405¬±30 BP, PSUAMS-2105)	Anatolia_Neolithic	Northwest Anatolia, Marmara, Barcƒ±n	Turkey	40.3037	29.6085	1240K	7.785	996769	M
I0746	I0746	L11-322	petrous	2015	MathiesonNature2015	Pinhasi, Ron	7930	6067-5892 calBCE (7110¬±50 BP, Poz-82177)	Anatolia_Neolithic	Northwest Anatolia, Marmara, Barcƒ±n	Turkey	40.3037	29.6085	1240K	8.465	1003994	M
I1096	I1096	BAR26 / M10-76	petrous	2015	MathiesonNature2015	Pinhasi, Ron	8300	6500-6200 BCE	Anatolia_Neolithic	Northwest Anatolia, Marmara, Barcƒ±n	Turkey	40.3037	29.6085	1240K	2.865	759115	M
I1097	I1097	BAR271 / M10-271	petrous	2015	MathiesonNature2015	Pinhasi, Ron	8288	6424-6251 calBCE (7475¬±30 BP, PSUAMS-2297)	Anatolia_Neolithic	Northwest Anatolia, Marmara, Barcƒ±n	Turkey	40.3037	29.6085	1240K	2.125	755758	M
I1098	I1098	BAR99 / M10-352	petrous	2015	MathiesonNature2015	Pinhasi, Ron	8288	6422-6253 calBCE (7475¬±25 BP, PSUAMS-2947)	Anatolia_Neolithic	Northwest Anatolia, Marmara, Barcƒ±n	Turkey	40.3037	29.6085	1240K	2.994	780873	F
I1099	I1099	L11-5-488	petrous	2015	MathiesonNature2015	Pinhasi, Ron	8300	6500-6200 BCE	Anatolia_Neolithic	Northwest Anatolia, Marmara, Barcƒ±n	Turkey	40.3037	29.6085	1240K	0.827	544031	M
I1100	I1100	M11-351	petrous	2015	MathiesonNature2015	Pinhasi, Ron	8300	6500-6200 BCE	Anatolia_Neolithic	Northwest Anatolia, Marmara, Barcƒ±n	Turkey	40.3037	29.6085	1240K	0.331	294382	F
I1101	I1101	M11-352a	petrous	2015	MathiesonNature2015	Pinhasi, Ron	8300	6500-6200 BCE	Anatolia_Neolithic	Northwest Anatolia, Marmara, Barcƒ±n	Turkey	40.3037	29.6085	1240K	1.56	663312	M
I1102	I1102	M11-354	petrous	2015	MathiesonNature2015	Pinhasi, Ron	8300	6500-6200 BCE	Anatolia_Neolithic	Northwest Anatolia, Marmara, Barcƒ±n	Turkey	40.3037	29.6085	1240K	0.55	414820	M
I1103	I1103	M11-S-350	petrous	2015	MathiesonNature2015	Pinhasi, Ron	8300	6500-6200 BCE	Anatolia_Neolithic	Northwest Anatolia, Marmara, Barcƒ±n	Turkey	40.3037	29.6085	1240K	1.135	607546	M
I1579	I1579	M13-72	petrous	2015	MathiesonNature2015	Pinhasi, Ron	8081	6211-6051 calBCE (7245¬±25 BP, PSUAMS-2954)	Anatolia_Neolithic	Marmara, Bursa, Barcƒ±n	Turkey	40.3	29.56666667	1240K	2.507	816203	F
I1580	I1580	L12-393	petrous	2015	MathiesonNature2015	Pinhasi, Ron	8195	6387-6103 calBCE (7385¬±40 BP, PSUAMS-1964)	Anatolia_Neolithic	Northwest Anatolia, Marmara, Barcƒ±n	Turkey	40.3037	29.6085	1240K	2.903	900766	F
I1581	I1581	L12-502	petrous	2015	MathiesonNature2015	Pinhasi, Ron	8254	6376-6231 calBCE (7415¬±30 BP, PSUAMS-2104)	Anatolia_Neolithic	Northwest Anatolia, Marmara, Barcƒ±n	Turkey	40.3037	29.6085	1240K	2.803	821765	F
I1583	I1583	L14-200	petrous	2015	MathiesonNature2015	Pinhasi, Ron	8281	6426-6236 calBCE (7460¬±50 BP, Poz-82231)	Anatolia_Neolithic	Northwest Anatolia, Marmara, Barcƒ±n	Turkey	40.3037	29.6085	1240K	9.396	980249	M
I1585	I1585	M11-59	petrous	2015	MathiesonNature2015	Pinhasi, Ron	8060	6207-6012 calBCE (7215¬±30 BP, PSUAMS-2953)	Anatolia_Neolithic	Marmara, Bursa, Barcƒ±n	Turkey	40.3	29.56666667	1240K	3.098	821475	F
Loschbour_snpAD.DG	I0001	Loschbour	tooth	2014	Pruefer2017	Krause, Johannes	8050	6210-5990 calBCE (7205¬±50 BP, OxA-7738)	WHG (Loschbour)	Echternach	Luxembourg	49.81	6.4	Shotgun.diploid	22	1062011	M
I1507	I1507	HUNG345a, KO1	petrous	2014	MathiesonNature2015 (capture of same sample shotgunned in Gamba2014)	Pinhasi, Ron	7660	5780-5640 calBCE (6835¬±34 BP, OxA-23757)	WHG (Koros_HG)	Tiszaszolos-Domah√°za	Hungary	47.559165	20.721246	1240K	5.103	800965	M
I4971	I4971	TIDO2a	tooth (molar)	2017	LipsonNature2017	Sz√©cs√©nyi-Nagy, Anna	7592	5736-5547 calBCE (6740¬±60 BP, deb-11804)	WHG (Koros_HG)	Tiszaszolos-Domah√°za	Hungary	47.559165	20.721246	1240K	0.446	393703	M
BDB001	BDB001	HK34:823a	petrous	2020	RivollatScienceAdvance2020	Haak, Wolfgang; Rivollat, MaiÃàteÃÅ	8600	7100-6200 BCE	WHG (Germany_Meso)	Saxony-Anhalt, Bad D√ºrrenberg	Germany	51.3	12.07	1240K	2.683372	803839	F
I0231_published	I0231	SVP3, Ekaterinovka B.1 Raskop 1	bone (long bone),petrous	2015	NarasimhanPattersonScience2019 (previously MathiesonNature2015 which was 1240k of same sample with 390k in HaakLazaridis2015)	Khokhlov, Alexander; Anthony, David	4792	2921-2762 calBCE [2921-2762 calBCE (4260¬±30 BP, Beta-392487), 2913-2882 calBCE (4275¬±20 BP, PSUAMS-4279)]	Yamnaya_Samara	Samara Oblast, Volga River Valley, Southern Steppe, Ekaterinovka	Russia	52.71085	49.46685556	1240K	9.905002	1103245	M
I0357	I0357	Kurgan 35, Grave 1, SVP 5	bone (long bone)	2015	MathiesonNature2015 (1240k of same same sample with 390k in HaakLazaridis2015)	Anthony, David	4952	3090-2913 calBCE (4380¬±30 BP, Beta-392489)	Yamnaya_Samara	Samara Oblast, Volga River Valley, Sok River, Lopatino I	Russia	53.64	50.655	1240K	0.625	523435	F
I0370	I0370	SVP HB 10, K. 3, gr. 1	bone (long bone)	2015	MathiesonNature2015 (1240k of same same sample with 390k in HaakLazaridis2015)	Anthony, David	4850	3300-2500 BCE	Yamnaya_Samara	Samara Oblast, Volga River Valley, Eastern Orenburg, Pre-Ural steppe, Ishkinovka I	Russia	51.27	58.18	1240K	1.043	695086	M
I0429	I0429	Kurgan 31 (or 30??), Grave 1, SVP 38	bone (long bone)	2015	MathiesonNature2015 (1240k of same same sample with 390k in HaakLazaridis2015)	Anthony, David	5079	3339-2918 calBCE (4432¬±66 BP, AA-47804) 	Yamnaya_Samara	Samara Oblast, Volga River Valley, Sok River, Lopatino I	Russia	53.64	50.655	1240K	0.843	603212	M
I0438	I0438	SVP HB 50, flat grave 5 (prisoner)	bone (long bone)	2015	MathiesonNature2015 (1240k of same same sample with 390k in HaakLazaridis2015)	Anthony, David	4778	3021-2635 calBCE (4254¬±61 BP, AA-47807)	Yamnaya_Samara	Samara Oblast, Volga River Valley, Samara River, Luzkhi I	Russia	53.38	50.38	1240K	0.736	567478	M
I0439	I0439	Kurgan 1, Grave 1, SVP 52	bone (long bone)	2015	MathiesonNature2015 (1240k of same same sample with 390k in HaakLazaridis2015)	Anthony, David	5071	3321-2921 calBCE (4420¬±30 BP, Beta-392491)	Yamnaya_Samara	Samara Oblast, Volga River Valley, Sok River, Lopatino I	Russia	53.64	50.655	1240K	0.26	268426	M
I0441	I0441	SVP HB 54, K. 3, gr. 1	bone (long bone)	2015	MathiesonNature2015 (1240k of same same sample with 390k in HaakLazaridis2015)	Anthony, David	4766	3010-2622 calBCE (4234¬±60 BP, AA-47805)	Yamnaya_Samara	Samara Oblast, Volga River Valley, Buzuluk, Kurmanaevka III	Russia	52.3	52.05	1240K	0.091	101678	F
I0443	I0443	Kurgan 3, Grave 1, SVP 57	bone (long bone)	2015	MathiesonNature2015 (1240k of same same sample with 390k in HaakLazaridis2015)	Anthony, David	4850	3300-2500 BCE	Yamnaya_Samara	Samara Oblast, Volga River Valley, Sok River, Lopatino II	Russia	53.64	50.655	1240K	5.317	995838	M
I0444	I0444	Kurgan 4, Grave 1, SVP 58	bone (long bone)	2015	MathiesonNature2015 (1240k of same same sample with 390k in HaakLazaridis2015)	Anthony, David	5059	3335-2882 calBCE (4370¬±75 BP, AA-12570)	Yamnaya_Samara	Samara Oblast, Volga River Valley, Kutuluk River, Kutuluk	Russia	53.18116111	51.2225	1240K	0.653	539947	M
I7489	I7489	58, Utyevka V, 1/1	petrous	2019	NarasimhanPattersonScience2019	Khokhlov, Alexander; Anthony, David	5076	3323-2928 calBCE (4430¬±25 BP, PSUAMS-5790)	Yamnaya_Samara	Samara Oblast, Volga River Valley, Samara River, Utyevka V	Russia	52.91277778	50.99055556	1240K	1.070382	656704	F
RISE240.SG	RISE240	kurgan 1, grave 11	tooth	2015	AllentoftNature2015	..	4706	2880-2632 calBCE (4160¬±30 BP, GrA-45038)	Yamnaya_Kalmykia	Sukhaya Termista I	Russia	46.58	43.678	Shotgun	0.201	206474	F
RISE546.SG	RISE546	Kurgan 1, grave 13	tooth	2015	AllentoftNature2015	..	4850	3300-2500 BCE	Yamnaya_Kalmykia	Temrta IV	Russia	46.539	43.699	Shotgun	0.151	164552	M
RISE547.SG	RISE547	Kurgan 1, grave 9	tooth	2015	AllentoftNature2015	..	4711	2887-2634 calBCE (4175¬±35 BP, GrA-58960)	Yamnaya_Kalmykia	Temrta IV	Russia	46.539	43.699	Shotgun	0.729	613723	M
RISE548.SG	RISE548	Kurgan 1, grave 6	tooth	2015	AllentoftNature2015	..	4850	3300-2500 BCE	Yamnaya_Kalmykia	Temrta IV	Russia	46.539	43.699	Shotgun	1.089	717431	M
RISE550.SG	RISE550	Kurgan 1, grave 3	tooth	2015	AllentoftNature2015	..	4935	3334-2635 calBCE (4312¬±94 BP, IGAN-2880)	Yamnaya_Kalmykia	Peshany V	Russia	46.556	43.676	Shotgun	0.521	467373	M
RISE552.SG	RISE552	Kurgan 4, grave 8	tooth	2015	AllentoftNature2015	..	4446	2849-2143 calBCE (3940¬±90 BP, IGAN-4079)	Yamnaya_Kalmykia	Ulan	Russia	46.615	43.334	Shotgun	2.839	945230	M
A_Mbuti-5.DG	HGDP00456	..	..	..	MeyerScience2012	..	0	present	Mbuti.DG	..	Congo	1	29	Shotgun.diploid	24.34	1149957	M
S_Mbuti-3.DG	HGDP00449	HGDP00449	n/a	..	MallickNature2016	..	0	present	Mbuti.DG	..	Congo	1	29	Shotgun.diploid	38.78	1116564	M
B_Mbuti-4.DG	HGDP00982	HGDP00982	n/a	..	PrueferNature2013	..	0	present	Mbuti.DG	..	Congo	1	29	Shotgun.diploid	39.59	1111710	M
S_Mbuti-2.DG	HGDP00476	HGDP00476	n/a	..	MallickNature2016	..	0	present	Mbuti.DG	..	Congo	1	29	Shotgun.diploid	38.3	1118300	F
S_Mbuti-1.DG	HGDP00474	HGDP00474	n/a	..	MallickNature2016	..	0	present	Mbuti.DG	..	Congo	1	29	Shotgun.diploid	41.77	1113571	M
A_Papuan-16.DG	HGDP00551	..	..	..	MeyerScience2012	..	0	present	Papuan.DG	New Guinea, Iatmul and Kwoma societies of the Middle Sepik River region	Papua New Guinea	-4	143	Shotgun.diploid	25.93	1150163	M
B_Papuan-15.DG	HGDP00546	HGDP00546	n/a	..	PrueferNature2013	..	0	present	Papuan.DG	New Guinea, Iatmul and Kwoma societies of the Middle Sepik River region	Papua New Guinea	-4	143	Shotgun.diploid	44.45	1117740	M
S_Papuan-1.DG	HGDP00550	HGDP00550	n/a	..	SkoglundNature2015	..	0	present	Papuan.DG	New Guinea, Iatmul and Kwoma societies of the Middle Sepik River region	Papua New Guinea	-4	143	Shotgun.diploid	45.12	1118074	F
S_Papuan-10.DG	HGDP00553	HGDP00553	n/a	..	SkoglundNature2015	..	0	present	Papuan.DG	New Guinea, Iatmul and Kwoma societies of the Middle Sepik River region	Papua New Guinea	-4	143	Shotgun.diploid	41.65	1118955	M
S_Papuan-11.DG	HGDP00555	HGDP00555	n/a	..	SkoglundNature2015	..	0	present	Papuan.DG	New Guinea, Iatmul and Kwoma societies of the Middle Sepik River region	Papua New Guinea	-4	143	Shotgun.diploid	42.21	1118110	M
S_Papuan-12.DG	HGDP00556	HGDP00556	n/a	..	SkoglundNature2015	..	0	present	Papuan.DG	New Guinea, Iatmul and Kwoma societies of the Middle Sepik River region	Papua New Guinea	-4	143	Shotgun.diploid	44.16	1116429	M
S_Papuan-13.DG	HGDP00552	HGDP00552	n/a	..	SkoglundNature2015	..	0	present	Papuan.DG	New Guinea, Iatmul and Kwoma societies of the Middle Sepik River region	Papua New Guinea	-4	143	Shotgun.diploid	43.16	1118089	F
S_Papuan-14.DG	HGDP00554	HGDP00554	n/a	..	SkoglundNature2015	..	0	present	Papuan.DG	New Guinea, Iatmul and Kwoma societies of the Middle Sepik River region	Papua New Guinea	-4	143	Shotgun.diploid	35.15	1118823	F
S_Papuan-2.DG	HGDP00540	HGDP00540	n/a	..	SkoglundNature2015	..	0	present	Papuan.DG	New Guinea, Iatmul and Kwoma societies of the Middle Sepik River region	Papua New Guinea	-4	143	Shotgun.diploid	46.73	1118158	M
S_Papuan-3.DG	HGDP00541	HGDP00541	n/a	..	SkoglundNature2015	..	0	present	Papuan.DG	New Guinea, Iatmul and Kwoma societies of the Middle Sepik River region	Papua New Guinea	-4	143	Shotgun.diploid	33.59	1118510	M
S_Papuan-4.DG	HGDP00543	HGDP00543	n/a	..	SkoglundNature2015	..	0	present	Papuan.DG	New Guinea, Iatmul and Kwoma societies of the Middle Sepik River region	Papua New Guinea	-4	143	Shotgun.diploid	48.45	1118633	M
S_Papuan-5.DG	HGDP00545	HGDP00545	n/a	..	SkoglundNature2015	..	0	present	Papuan.DG	New Guinea, Iatmul and Kwoma societies of the Middle Sepik River region	Papua New Guinea	-4	143	Shotgun.diploid	51.02	1119621	M
S_Papuan-6.DG	HGDP00547	HGDP00547	n/a	..	SkoglundNature2015	..	0	present	Papuan.DG	New Guinea, Iatmul and Kwoma societies of the Middle Sepik River region	Papua New Guinea	-4	143	Shotgun.diploid	43.9	1118542	M
S_Papuan-7.DG	HGDP00548	HGDP00548	n/a	..	SkoglundNature2015	..	0	present	Papuan.DG	New Guinea, Iatmul and Kwoma societies of the Middle Sepik River region	Papua New Guinea	-4	143	Shotgun.diploid	48.76	1119624	M
S_Papuan-8.DG	HGDP00549	HGDP00549	n/a	..	SkoglundNature2015	..	0	present	Papuan.DG	New Guinea, Iatmul and Kwoma societies of the Middle Sepik River region	Papua New Guinea	-4	143	Shotgun.diploid	45.06	1118670	M
S_Papuan-9.DG	HGDP00542	..	..	..	SkoglundNature2015	..	0	present	Papuan.DG	New Guinea, Iatmul and Kwoma societies of the Middle Sepik River region	Papua New Guinea	-4	143	Shotgun.diploid	43.06	1118992	M
BR_Onge-1.DG	Onge14	Onge14	n/a	..	MallickNature2016	..	0	present	Onge.DG	Andaman and Nicobar	India	11.66666667	92.65	Shotgun.diploid	..	1164320	F
BR_Onge-2.DG	Onge3	Onge3	n/a	..	MallickNature2016	..	0	present	Onge.DG	Andaman and Nicobar	India	11.66666667	92.65	Shotgun.diploid	..	1159221	F
A_Han-4.DG	HGDP00778	..	..	..	MeyerScience2012	..	0	present	Han.DG	..	China	32.26566812	114	Shotgun.diploid	27.74	1150264	M
S_Han-1.DG	HGDP00783	HGDP00783	n/a	..	MallickNature2016	..	0	present	Han.DG	..	China	32.26566812	114	Shotgun.diploid	68.83	1119545	F
B_Han-3.DG	HGDP00775	HGDP00775	n/a	..	PrueferNature2013	..	0	present	Han.DG	..	China	32.26566812	114	Shotgun.diploid	37.72	1118654	M
S_Han-2.DG	HGDP00785	HGDP00785	n/a	..	MallickNature2016	..	0	present	Han.DG	..	China	48.49753416	124	Shotgun.diploid	42.36	1117128	M
A_Karitiana-4.DG	HGDP00998	..	..	..	MeyerScience2012	..	0	present	Karitiana.DG	..	Brazil	-10	-63	Shotgun.diploid	26.02	1150224	M
B_Karitiana-3.DG	HGDP01015	HGDP01015	n/a	..	PrueferNature2013	..	0	present	Karitiana.DG	..	Brazil	-10	-63	Shotgun.diploid	37.39	1119018	M
S_Karitiana-1.DG	HGDP01012	HGDP01012	n/a	..	MallickNature2016	..	0	present	Karitiana.DG	..	Brazil	-10	-63	Shotgun.diploid	44.93	1118490	M
S_Karitiana-2.DG	HGDP01018	HGDP01018	n/a	..	MallickNature2016	..	0	present	Karitiana.DG	..	Brazil	-10	-63	Shotgun.diploid	39.49	1117546	F
mota.SG	I5950	Mota	petrous	2015	LlorenteScience2015	..	4472	2575-2469 calBCE (3997¬±29 BP, OxA-29631)	Ethiopia_4500BP.SG	Gamo Highlands, Mota Cave	Ethiopia	6.797495	38.207852	Shotgun	11.289	1181617	M
Ust_Ishim_published.DG	Ust_Ishim	UstIshim	bone (long bone)	2014	FuNature2014	Paabo, Svante	45020	45530-40610 calBCE [46064-40920 calBCE (41400¬±1300 BP, OxA-25516), 46364-40844 calBCE (41400¬±1400 BP, OxA-30190)]	Russia_Ust_Ishim_HG_published.DG	Ust'-Ishim, Siberia	Russia	57.7	71.1	Shotgun.diploid	42	1147829	M
MA1.SG	MA1	Malta1	bone (long bone)	2013	RaghavanNature2013	..	24305	22570-22140 calBCE (20240¬±60 BP, UCIAMS-79666)	Russia_MA1_HG.SG	Mal'ta	Russia	52.9	103.5	Shotgun	1.206	820035	M
I1290	I1290	GD13A	petrous	2016	LazaridisNature2016	Pinhasi, Ron	9846	8179-7613 calBCE (8780¬±50 BP, Poz-81100)	Iran_Ganj_Dareh_Neolithic	Ganj Dareh	Iran	34.45	48.116	1240K	2.098	838740	F
I1944	I1944	GD14B	petrous	2016	NarasimhanPattersonScience2019 (supplement of Lazaridis Nature 2016)	Pinhasi, Ron; Meiklejohn, Christopher; Merrett, Deborah	9800	8000-7700 BCE	Iran_Ganj_Dareh_Neolithic	Ganj Dareh	Iran	34.45	48.116	1240K	0.053958	61169	F
I1945	I1945	GD16	petrous	2016	NarasimhanPattersonScience2019 (supplement of Lazaridis Nature 2016)	Pinhasi, Ron; Meiklejohn, Christopher; Merrett, Deborah	9800	8000-7700 BCE	Iran_Ganj_Dareh_Neolithic	Ganj Dareh	Iran	34.45	48.116	1240K	0.242441	247405	M
I1947	I1947	GD22	petrous	2019	NarasimhanPattersonScience2019	Pinhasi, Ron; Meiklejohn, Christopher; Merrett, Deborah	9973	8210-7836 calBCE (8860¬±30 BP, Beta-432800)	Iran_Ganj_Dareh_Neolithic	Ganj Dareh	Iran	34.45	48.116	1240K	3.312513	934570	M
I1949	I1949	GD37	petrous	2016	NarasimhanPattersonScience2019 (supplement of Lazaridis Nature 2016)	Pinhasi, Ron; Meiklejohn, Christopher; Merrett, Deborah	10052	8241-7962 calBCE (8915¬±40 BP, PSUAMS-2261)	Iran_Ganj_Dareh_Neolithic	Ganj Dareh	Iran	34.45	48.116	1240K	0.141247	149362	M
I1951	I1951	GD39	petrous	2016	NarasimhanPattersonScience2019 (supplement of Lazaridis Nature 2016)	Pinhasi, Ron; Meiklejohn, Christopher; Merrett, Deborah	9892	8202-7681 calBCE (8800¬±50 BP, Poz-81109)	Iran_Ganj_Dareh_Neolithic	Ganj Dareh	Iran	34.45	48.116	1240K	0.033877	38566	F
I1954	I1954	GD41	petrous	2019	NarasimhanPattersonScience2019	Pinhasi, Ron; Meiklejohn, Christopher; Merrett, Deborah	10093	8294-7992 calBCE (9000¬±40 BP, Beta-436170)	Iran_Ganj_Dareh_Neolithic	Ganj Dareh	Iran	34.45	48.116	1240K	5.003401	938523	M
I7527	I7527	GANJ_25_M	petrous	2019	NarasimhanPattersonScience2019	Pinhasi, Ron; Meiklejohn, Christopher; Merrett, Deborah	9900	8200-7700 BCE	Iran_Ganj_Dareh_Neolithic	Ganj Dareh	Iran	34.45	48.116	1240K	0.089027	99468	F
I0861	I0861	Nat10	petrous	2016	LazaridisNature2016	Pinhasi, Ron	12750	11840-9760 BCE	Israel_Natufian	Raqefet Cave	Israel	32.65	35.067	1240K	0.107	115964	M
I1069	I1069	Nat5	petrous	2016	LazaridisNature2016	Pinhasi, Ron	12750	11840-9760 BCE	Israel_Natufian	Raqefet Cave	Israel	32.65	35.067	1240K	0.023222	27137	M
I1072	I1072	NAT9	petrous	2016	LazaridisNature2016	Pinhasi, Ron	12750	11840-9760 BCE	Israel_Natufian	Raqefet Cave	Israel	32.65	35.067	1240K	0.553	447140	M
I1685_published	I1685	NAT4	petrous	2016	LazaridisNature2016	Pinhasi, Ron	12750	11840-9760 BCE	Israel_Natufian	Raqefet Cave	Israel	32.65	35.067	1240K	0.035306	40968	M
I1687_published	I1687	NAT13	petrous	2016	LazaridisNature2016	Pinhasi, Ron	13265	11520-11110 calBCE (11405¬±120 BP, RTK-6607)	Israel_Natufian	Raqefet Cave	Israel	32.65	35.067	1240K	0.022889	26439	F
I1690_published	I1690	NAT6	petrous	2016	LazaridisNature2016	Pinhasi, Ron	12750	11840-9760 BCE	Israel_Natufian	Raqefet Cave	Israel	32.65	35.067	1240K	0.02557	29883	M
Kostenki14	Kostenki14	Kostenki14	bone (long bone)	2014	FuNature2016	Paabo, Svante	37470	36730-34310 calBCE (33250¬±500 BP, OxA-X-2395-15)	Russia_Kostenki14	Kostenki	Russia	51.23	39.3	1240K	16.136	1095867	M
Vestonice13_d	Vestonice13	Vestonice13	bone (long bone)	2016	FuNature2016	Paabo, Svante	30870	29120-28720 BCE (26640¬±110 BP, GrN-14831, layer date)	Czech_Vestonice	Dolni Vestonice	Czech Republic	48.53	16.39	1240K	0.071	114844	M
Vestonice15_d	Vestonice15	Vestonice15	bone (long bone)	2016	FuNature2016	Paabo, Svante	30870	29120-28720 BCE (26640¬±110 BP, GrN-14831, layer date)	Czech_Vestonice	Dolni Vestonice	Czech Republic	48.53	16.39	1240K	0.015	29358	M
Vestonice16	Vestonice16	Vestonice16	bone (long bone)	2016	FuNature2016	Paabo, Svante	30010	28760-27360 BCE [28634-27458 calBCE (GrN-15277: 25740¬±210 BP), 28586-27086 calBCE (25570¬±280, GrN-15276), layer date]	Czech_Vestonice	Dolni Vestonice	Czech Republic	48.53	16.39	1240K	0.999	745560	M
Vestonice43_d	Vestonice43	Vestonice43	bone (long bone)	2016	FuNature2016	Paabo, Svante	30010	28760-27360 BCE [28634-27458 calBCE (GrN-15277: 25740¬±210 BP), 28586-27086 calBCE (25570¬±280, GrN-15276), layer date]	Czech_Vestonice	Dolni Vestonice	Czech Republic	48.53	16.39	1240K	0.087	126626	M
I1960	I1960	Tyumen50, Kurgan 6, Mergen 6 (building No. 15)	petrous	2019	NarasimhanPattersonScience2019	Sergey Mikhailovich Slepchenko, Anatoly Nikolaevich Bagashev, Dmitry Enshin	8166	6361-6071 calBCE [6335-6071 calBCE (7330±40 BP, Poz-82198), 6361-6086 calBCE (7355±40 BP, OxA-33489, d15N=+15.3 permil possible marine influence)]	WSHG	Siberia, western, Tyumen Oblast	Russia	56.03622222	69.33886111	1240K	5.346	805830	F
I1958	I1958	Tyumen1, Kurgan 1, Mergen 6 (building No. 21, burial 1)	petrous	2019	NarasimhanPattersonScience2019	Sergey Mikhailovich Slepchenko, Anatoly Nikolaevich Bagashev, Dmitry Enshin	6591	4723-4558 calBCE (5805±25 BP, PSUAMS-2359)	WSHG	Siberia, western, Tyumen Oblast	Russia	56.03622222	69.33886111	1240K	0.027	31796	F
I5766	I5766	Tomsk10, inventory number 3079, burial 1	petrous	2019	NarasimhanPattersonScience2019	Sergey Mikhailovich Slepchenko, Anatoly Nikolaevich Bagashev, Dmitry Enshin	6057	4230-3983 calBCE (5261±33 BP, OxA-33486)	WSHG	Siberia, Sosnoviy Ostrov	Russia	57.35888889	65.365	1240K	1.761	625559	F
Villabruna	Villabruna	Villabruna	bone (long bone)	2016	FuNature2016	Paabo, Svante	13980	12230-11830 calBCE (12140¬±70 BP, KIA-27004)	Italy_Villabruna	Veneto, Villabruna	Italy	46.15	12.21	1240K	3.137	902419	M
GoyetQ116-1_published	GoyetQ116-1	GoyetQ116-1	bone (long bone)	2016	FuNature2016	Krause, Johannes	34795	33210-32480 calBCE (30880+170-160 BP, GrA-46175)	Belgium_UP_GoyetQ116_1_published_all	Troisieme caverne of Goyet cave	Belgium	50.446	5.008	1240K	1.046	780462	M
I1733	I1733	StPet8, site 5, collection 6462, individual 30	petrous	2018	MathiesonNature2018	Pinhasi, Ron	10200	9000-7500 BCE	Ukraine_Mesolithic	Vasil'evka	Ukraine	47.434167	35.276389	1240K	0.263	254785	F
I1737_published	I1737	StPet10, site 7, collection 6462, individual 11	petrous	2018	MathiesonNature2018	Pinhasi, Ron	10371	8540-8301 calBCE (9200¬±35 BP, PSUAMS-2394)	Ukraine_Mesolithic	Vasil'evka	Ukraine	47.434167	35.276389	1240K	0.071	77982	F
I1763	I1763	StPet9, site 6, collection 6462, individual 23	petrous	2018	MathiesonNature2018	Pinhasi, Ron	10074	8280-7967 calBCE (8960¬±50 BP, Poz-81127)	Ukraine_Mesolithic	Vasil'evka	Ukraine	47.434167	35.276389	1240K	3.469	831221	M
I1819	I1819	StPet12, site 9, collection 6462, individual 25	petrous	2017	MathiesonNature2018	Pinhasi, Ron	10643	8825-8561 calBCE (9420¬±50 BP, Poz-81128)	Ukraine_Mesolithic	Vasil'evka	Ukraine	47.434167	35.276389	1240K	3.435	813114	M
I5876	I5876	Mos35, Grave 142, ?	tooth	2018	MathiesonNature2018	Pinhasi, Ron	8822	7040-6703 calBCE (7960¬±30 BP, PSUAMS-2811)	Ukraine_Mesolithic	Dereivka I	Ukraine	48.91422	33.76493	1240K	0.798	475706	M
I5885	I5885	Mos45, Grave 84, ?	tooth	2018	MathiesonNature2018	Pinhasi, Ron	8110	6392-5927 calBCE (7270¬±110 BP, OxA-6161)	Ukraine_Mesolithic	Dereivka I	Ukraine	48.91422	33.76493	1240K	0.164	163110	F
I0018	I0018	Stuttgart	tooth	2014	LipsonNature2017 (new libraries added in to previously published data LazaridisNature2014)	Krause, Johannes	7140	5310-5070 calBCE (6246¬±30 BP, MAMS-24635)	Germany_LBK_EN	Stuttgart-Muehlhausen, Viesenhaeuser Hof	Germany	48.78	9.18	1240K	9.651	910144	F
I0022	I0022	LBK1976	tooth (premolar)	2015	MathiesonNature2015 (1240k of same same sample with 390k in HaakLazaridis2015)	Krause, Johannes	7125	5500-4850 BCE	Germany_LBK_EN	Stuttgart-Muehlhausen, Viesenhaeuser Hof	Germany	48.78	9.18	1240K	0.441	368546	F
I0025	I0025	LBK1992	tooth (molar)	2015	MathiesonNature2015 (1240k of same same sample with 390k in HaakLazaridis2015)	Krause, Johannes	7125	5500-4850 BCE	Germany_LBK_EN	Stuttgart-Muehlhausen, Viesenhaeuser Hof	Germany	48.78	9.18	1240K	2.655	836923	F
I0026	I0026	LBK2155	tooth (molar)	2015	MathiesonNature2015 (1240k of same same sample with 390k in HaakLazaridis2015)	Krause, Johannes	7125	5500-4850 BCE	Germany_LBK_EN	Stuttgart-Muehlhausen, Viesenhaeuser Hof	Germany	48.78	9.18	1240K	3.625	893563	F
I0046_published	I0046	HAL5	tooth	2015	LipsonNature2017 (higher.cov.version.of.MathiesonNature2015)	Haak, Wolfgang	7051	5211-4991 calBCE (6136¬±34 BP, MAMS-21479)	Germany_LBK_EN	Halberstadt-Sonntagsfeld	Germany	51.89583333	11.04666667	1240K	2.233	950914	F
I0048_published	I0048	HAL25	tooth	2015	LipsonNature2017 (supplement of MathiesonNature2015, which itself was supplement of HaakLazaridis2015)	Haak, Wolfgang	7056	5210-5002 calBCE (6153¬±33 BP, MAMS-21482)	Germany_LBK_EN	Halberstadt-Sonntagsfeld	Germany	51.89583333	11.04666667	1240K	0.493	489640	M
I0054	I0054	UWS4	petrous	2015	MathiesonNature2015 (1240k of same same sample with 390k in HaakLazaridis2015)	Haak, Wolfgang	7072	5222-5022 calBCE (6180¬±34 BP, MAMS-21485)	Germany_LBK_EN	Unterwiederstedt	Germany	51.66	11.53	1240K	18.61	978534	F
I0056	I0056	HAL14	tooth	2015	LipsonNature2017 (supplement of MathiesonNature2015, which itself was supplement of HaakLazaridis2015)	Haak, Wolfgang	7061	5213-5009 calBCE (6156¬±35 BP, MAMS-21480)	Germany_LBK_EN	Halberstadt-Sonntagsfeld	Germany	51.89583333	11.04666667	1240K	0.406	367760	M
I0057_published	I0057	HAL34	bone	2015	LipsonNature2017 (higher.cov.version.of.MathiesonNature2015)	Haak, Wolfgang	7070	5219-5021 calBCE (6173¬±34 BP, MAMS-21483)	Germany_LBK_EN	Halberstadt-Sonntagsfeld	Germany	51.89583333	11.04666667	1240K	0.246	392874	F
I0100	I0100	HAL4	tooth	2015	LipsonNature2017 (supplement of MathiesonNature2015, which itself was supplement of HaakLazaridis2015)	Haak, Wolfgang	6977	5202-4852 calBCE (6080¬±32 BP, KIA-40341)	Germany_LBK_EN	Halberstadt-Sonntagsfeld	Germany	51.89583333	11.04666667	1240K	6.915	982315	F
I0659_published	I0659	HAL2	tooth	2015	LipsonNature2017 (supplement of MathiesonNature2015, which itself was supplement of HaakLazaridis2015)	Haak, Wolfgang	7037	5211-4963 calBCE (6130¬±40 BP, KIA-40350)	Germany_LBK_EN	Halberstadt-Sonntagsfeld	Germany	51.89583333	11.04666667	1240K	0.758	648193	M
I0795	I0795	KAR6	tooth	2015	MathiesonNature2015 (1240k of same same sample with 390k in HaakLazaridis2015)	Haak, Wolfgang	7079	5217-5041 calBCE (6174¬±29 BP, MAMS-22823)	Germany_LBK_EN	Karsdorf	Germany	51.28305556	11.65	1240K	0.097	104752	M
I0797	I0797	KAR16A	tooth	2015	MathiesonNature2015	Haak, Wolfgang	7125	5500-4850 BCE	Germany_LBK_EN	Karsdorf	Germany	51.28305556	11.65	1240K	0.087	94125	M
I0821_published	I0821	HAL24	tooth	2015	LipsonNature2017 (supplement of MathiesonNature2015, which itself was supplement of HaakLazaridis2015)	Haak, Wolfgang	6976	5201-4850 calBCE (6076¬±34 BP, KIA-40348)	Germany_LBK_EN	Halberstadt-Sonntagsfeld	Germany	51.89583333	11.04666667	1240K	0.423	629014	M
I1550_published	I1550	HAL19	tooth	2015	LipsonNature2017 (supplement of MathiesonNature2015, which itself was supplement of HaakLazaridis2015)	Haak, Wolfgang	7125	5500-4850 BCE	Germany_LBK_EN	Halberstadt-Sonntagsfeld	Germany	51.89583333	11.04666667	1240K	0.857	616873	F
I2008_published	I2008	HAL07a	tooth	2017	LipsonNature2017	Haak, Wolfgang	7052	5212-4992 calBCE (6137¬±35 BP, KIA-40342)	Germany_LBK_EN	Halberstadt-Sonntagsfeld	Germany	51.89583333	11.04666667	1240K	0.048	121860	F
I2014	I2014	HAL15a	tooth	2017	LipsonNature2017	Haak, Wolfgang	6978	5199-4857 calBCE (6081¬±30 BP, KIA-40344)	Germany_LBK_EN	Halberstadt-Sonntagsfeld	Germany	51.89583333	11.04666667	1240K	0.017	19344	M
I2017_published	I2017	HAL18a	tooth	2017	LipsonNature2017	Haak, Wolfgang	7125	5500-4850 BCE	Germany_LBK_EN	Halberstadt-Sonntagsfeld	Germany	51.89583333	11.04666667	1240K	0.02	55588	F
I2021_published	I2021	HAL21a	tooth	2017	LipsonNature2017	Haak, Wolfgang	7125	5500-4850 BCE	Germany_LBK_EN	Halberstadt-Sonntagsfeld	Germany	51.89583333	11.04666667	1240K	0.013	35761	M
I2022	I2022	HAL22b	tooth	2017	LipsonNature2017	Haak, Wolfgang	7125	5500-4850 BCE	Germany_LBK_EN	Halberstadt-Sonntagsfeld	Germany	51.89583333	11.04666667	1240K	0.018	20626	F
I2026_published	I2026	HAL27a	bone	2017	LipsonNature2017	Haak, Wolfgang	7125	5500-4850 BCE	Germany_LBK_EN	Halberstadt-Sonntagsfeld	Germany	51.89583333	11.04666667	1240K	0.05	141883	M
I2029_published	I2029	HAL31a	tooth	2017	LipsonNature2017	Haak, Wolfgang	7126	5295-5057 calBCE (6211¬±32 BP, KIA-40349)	Germany_LBK_EN	Halberstadt-Sonntagsfeld	Germany	51.89583333	11.04666667	1240K	0.12	246281	F
I2030_published	I2030	HAL32b	tooth	2017	LipsonNature2017	Haak, Wolfgang	7125	5500-4850 BCE	Germany_LBK_EN	Halberstadt-Sonntagsfeld	Germany	51.89583333	11.04666667	1240K	0.225	532623	F
I2032_published	I2032	HAL35b	tooth	2017	LipsonNature2017	Haak, Wolfgang	7125	5500-4850 BCE	Germany_LBK_EN	Halberstadt-Sonntagsfeld	Germany	51.89583333	11.04666667	1240K	0.104	285045	F
I2036_published	I2036	HAL38a	tooth	2017	LipsonNature2017	Haak, Wolfgang	7125	5500-4850 BCE	Germany_LBK_EN	Halberstadt-Sonntagsfeld	Germany	51.89583333	11.04666667	1240K	0.292	468627	F
I2037_published	I2037	HAL39b	tooth	2017	LipsonNature2017	Haak, Wolfgang	7056	5210-5002 calBCE (6144¬±32 BP, KIA-40343)	Germany_LBK_EN	Halberstadt-Sonntagsfeld	Germany	51.89583333	11.04666667	1240K	0.08	206907	M
I2038_published	I2038	HAL40a	bone	2017	LipsonNature2017	Haak, Wolfgang	7125	5350-5000 BCE [1d.rel.I2005]	Germany_LBK_EN	Halberstadt-Sonntagsfeld	Germany	51.89583333	11.04666667	1240K	0.173	299173	F
SCH001	SCH001	Schwetzingen 9	tooth	2020	RivollatScienceAdvance2020	Haak, Wolfgang; Rivollat, MaiÃàteÃÅ	7050	5200-5000 BCE	Germany_LBK_EN	Baden-W√ºrttemberg, Schwetzingen	Germany	49.39	8.57	1240K	0.060427	61754	F
SCH004	SCH004	Schwetzingen 33	tooth	2020	RivollatScienceAdvance2020	Haak, Wolfgang; Rivollat, MaiÃàteÃÅ	7050	5200-5000 BCE	Germany_LBK_EN	Baden-W√ºrttemberg, Schwetzingen	Germany	49.39	8.57	1240K	0.016209	17613	M
SCH007	SCH007	Schwetzingen 71	tooth	2020	RivollatScienceAdvance2020	Haak, Wolfgang; Rivollat, MaiÃàteÃÅ	7050	5200-5000 BCE	Germany_LBK_EN	Baden-W√ºrttemberg, Schwetzingen	Germany	49.39	8.57	1240K	0.121272	117801	F
SCH009	SCH009	Schwetzingen 99	tooth	2020	RivollatScienceAdvance2020	Haak, Wolfgang; Rivollat, MaiÃàteÃÅ	7050	5200-5000 BCE	Germany_LBK_EN	Baden-W√ºrttemberg, Schwetzingen	Germany	49.39	8.57	1240K	0.270227	232901	F
SCH010	SCH010	Schwetzingen 100	tooth	2020	RivollatScienceAdvance2020	Haak, Wolfgang; Rivollat, MaiÃàteÃÅ	7050	5200-5000 BCE	Germany_LBK_EN	Baden-W√ºrttemberg, Schwetzingen	Germany	49.39	8.57	1240K	0.333927	283866	F
SCH011	SCH011	Schwetzingen 107	tooth	2020	RivollatScienceAdvance2020	Haak, Wolfgang; Rivollat, MaiÃàteÃÅ	7050	5200-5000 BCE	Germany_LBK_EN	Baden-W√ºrttemberg, Schwetzingen	Germany	49.39	8.57	1240K	0.02618	29594	M
SCH014	SCH014	Schwetzingen 122	bone (phalanx)	2020	RivollatScienceAdvance2020	Haak, Wolfgang; Rivollat, MaiÃàteÃÅ	7050	5200-5000 BCE	Germany_LBK_EN	Baden-W√ºrttemberg, Schwetzingen	Germany	49.39	8.57	1240K	0.399826	327196	F
SCH015	SCH015	Schwetzingen 131	tooth	2020	RivollatScienceAdvance2020	Haak, Wolfgang; Rivollat, MaiÃàteÃÅ	7050	5200-5000 BCE	Germany_LBK_EN	Baden-W√ºrttemberg, Schwetzingen	Germany	49.39	8.57	1240K	0.026055	29746	F
SCH016	SCH016	Schwetzingen 133	tooth	2020	RivollatScienceAdvance2020	Haak, Wolfgang; Rivollat, MaiÃàteÃÅ	7091	5298-5041 calBCE (6202¬±36 BP, OxA-23206)	Germany_LBK_EN	Baden-W√ºrttemberg, Schwetzingen	Germany	49.39	8.57	1240K	0.380715	281029	M
SCH018	SCH018	Schwetzingen 220	tooth	2020	RivollatScienceAdvance2020	Haak, Wolfgang; Rivollat, MaiÃàteÃÅ	7045	5212-4959 calBCE (6141¬±37 BP, OxA-23211)	Germany_LBK_EN	Baden-W√ºrttemberg, Schwetzingen	Germany	49.39	8.57	1240K	0.031303	34457	U(probablyM)
SMH004	SMH004	Grave 61, P44	tooth	2020	RivollatScienceAdvance2020	Haak, Wolfgang; Rivollat, MaiÃàteÃÅ	7116	5299-5061 calBCE (6222¬±25 BP, MAMS-36741)	Germany_LBK_EN	Baden-W√ºrttemberg, Stuttgart-M√ºhlhausen I	Germany	48.78	9.18	1240K	0.348834	287138	F
XN164	XN164	gr. 22/205	tooth	2020	RivollatScienceAdvance2020	Haak, Wolfgang; Rivollat, MaiÃàteÃÅ	7110	5299-5059 calBCE (6219¬±25 BP, MAMS-36728)	Germany_LBK_EN	Baden-W√ºrttemberg, Stuttgart-M√ºhlhausen I	Germany	48.78	9.18	1240K	0.45579	364692	M
XN165	XN165	gr. 9/3	tooth	2020	RivollatScienceAdvance2020	Haak, Wolfgang; Rivollat, MaiÃàteÃÅ	7099	5296-5056 calBCE (6213¬±24 BP, MAMS-36725)	Germany_LBK_EN	Baden-W√ºrttemberg, Stuttgart-M√ºhlhausen I	Germany	48.78	9.18	1240K	0.975379	445351	M
XN166	XN166	gr. 129/2119	tooth	2020	RivollatScienceAdvance2020	Haak, Wolfgang; Rivollat, MaiÃàteÃÅ	7100	5300-5000 BCE	Germany_LBK_EN	Baden-W√ºrttemberg, Stuttgart-M√ºhlhausen II	Germany	48.78	9.18	1240K	0.505142	323920	F
XN167	XN167	gr. 67/339	tooth	2020	RivollatScienceAdvance2020	Haak, Wolfgang; Rivollat, MaiÃàteÃÅ	7176	5310-5072 calBCE (6250¬±30 BP, MAMS-36743)	Germany_LBK_EN	Baden-W√ºrttemberg, Stuttgart-M√ºhlhausen I	Germany	48.78	9.18	1240K	0.613689	410530	M
XN168	XN168	gr. 38/518	tooth	2020	RivollatScienceAdvance2020	Haak, Wolfgang; Rivollat, MaiÃàteÃÅ	7093	5293-5055 calBCE (6209¬±24 BP, MAMS-36734)	Germany_LBK_EN	Baden-W√ºrttemberg, Stuttgart-M√ºhlhausen I	Germany	48.78	9.18	1240K	0.322633	268060	M
XN169	XN169	gr. 13/507	tooth	2020	RivollatScienceAdvance2020	Haak, Wolfgang; Rivollat, MaiÃàteÃÅ	7081	5282-5046 calBCE (6195¬±25 BP, MAMS-36726)	Germany_LBK_EN	Baden-W√ºrttemberg, Stuttgart-M√ºhlhausen I	Germany	48.78	9.18	1240K	0.515297	368674	F
XN170	XN170	gr. 32/209	tooth	2020	RivollatScienceAdvance2020	Haak, Wolfgang; Rivollat, MaiÃàteÃÅ	7024	5209-4951 calBCE (6123¬±26 BP, MAMS-36730)	Germany_LBK_EN	Baden-W√ºrttemberg, Stuttgart-M√ºhlhausen I	Germany	48.78	9.18	1240K	0.482439	326280	M
XN171	XN171	gr. 24/29	tooth	2020	RivollatScienceAdvance2020	Haak, Wolfgang; Rivollat, MaiÃàteÃÅ	7106	5298-5057 calBCE (6217¬±25 BP, MAMS-36729)	Germany_LBK_EN	Baden-W√ºrttemberg, Stuttgart-M√ºhlhausen I	Germany	48.78	9.18	1240K	0.724316	456208	M
XN172	XN172	gr. 34/517	tooth	2020	RivollatScienceAdvance2020	Haak, Wolfgang; Rivollat, MaiÃàteÃÅ	7101	5297-5056 calBCE (6214¬±25 BP, MAMS-36732)	Germany_LBK_EN	Baden-W√ºrttemberg, Stuttgart-M√ºhlhausen I	Germany	48.78	9.18	1240K	0.522129	389680	F
XN173	XN173	gr. 114/1993	tooth	2020	RivollatScienceAdvance2020	Haak, Wolfgang; Rivollat, MaiÃàteÃÅ	7060	5210-5007 calBCE (6155¬±31 BP, MAMS-25933)	Germany_LBK_EN	Baden-W√ºrttemberg, Stuttgart-M√ºhlhausen II	Germany	48.78	9.18	1240K	0.138913	147749	M
XN174	XN174	gr. 26/195	tooth	2020	RivollatScienceAdvance2020	Haak, Wolfgang; Rivollat, MaiÃàteÃÅ	6898	5215-4681 calBCE [union of three dates: 5215-4840 calBCE (6100¬±70 BP, Hd-8031); 4993-4709 calBCE (5950¬±60 BP, Hd-7974); 4936-4681 calBCE (5910¬±50 BP, Hd-7935)]	Germany_LBK_EN	Baden-W√ºrttemberg, Stuttgart-M√ºhlhausen I	Germany	48.78	9.18	1240K	0.256245	237140	M
XN175	XN175	gr. 59/530	tooth	2020	RivollatScienceAdvance2020	Haak, Wolfgang; Rivollat, MaiÃàteÃÅ	7092	5292-5055 calBCE (6208¬±24 BP, MAMS-36740)	Germany_LBK_EN	Baden-W√ºrttemberg, Stuttgart-M√ºhlhausen I	Germany	48.78	9.18	1240K	0.388547	321266	F
XN178	XN178	gr. 105/1975	tooth	2020	RivollatScienceAdvance2020	Haak, Wolfgang; Rivollat, MaiÃàteÃÅ	7100	5300-5000 BCE	Germany_LBK_EN	Baden-W√ºrttemberg, Stuttgart-M√ºhlhausen II	Germany	48.78	9.18	1240K	0.036834	41455	F
XN180	XN180	gr. 71/535	tooth	2020	RivollatScienceAdvance2020	Haak, Wolfgang; Rivollat, MaiÃàteÃÅ	7068	5214-5011 calBCE (6169¬±33 BP, MAMS-36745)	Germany_LBK_EN	Baden-W√ºrttemberg, Stuttgart-M√ºhlhausen I	Germany	48.78	9.18	1240K	0.175938	182870	M
XN182	XN182	gr. 79/381	tooth	2020	RivollatScienceAdvance2020	Haak, Wolfgang; Rivollat, MaiÃàteÃÅ	7076	5305-4946 calBCE [union of two dates: 5305-5034 calBCE (6210¬±45 BP, Hd-7979); 5211-4946 calBCE (6130¬±45 BP, Hd-7977)]	Germany_LBK_EN	Baden-W√ºrttemberg, Stuttgart-M√ºhlhausen I	Germany	48.78	9.18	1240K	0.107505	114826	F
XN183	XN183	gr. 45/255	tooth	2020	RivollatScienceAdvance2020	Haak, Wolfgang; Rivollat, MaiÃàteÃÅ	7152	5304-5068 calBCE (6236¬±25 BP, MAMS-36736)	Germany_LBK_EN	Baden-W√ºrttemberg, Stuttgart-M√ºhlhausen I	Germany	48.78	9.18	1240K	0.102273	109371	F
XN188	XN188	gr. 44/262	tooth	2020	RivollatScienceAdvance2020	Haak, Wolfgang; Rivollat, MaiÃàteÃÅ	7130	5302-5063 calBCE (6228¬±25 BP, MAMS-36735)	Germany_LBK_EN	Baden-W√ºrttemberg, Stuttgart-M√ºhlhausen I	Germany	48.78	9.18	1240K	0.242741	220191	F
XN191	XN191	gr. 107/1977	tooth	2020	RivollatScienceAdvance2020	Haak, Wolfgang; Rivollat, MaiÃàteÃÅ	7199	5316-5081 calBCE (6267¬±30 BP, MAMS-25931)	Germany_LBK_EN	Baden-W√ºrttemberg, Stuttgart-M√ºhlhausen II	Germany	48.78	9.18	1240K	0.017646	20283	M
XN205	XN205	gr. 130/2120	tooth	2020	RivollatScienceAdvance2020	Haak, Wolfgang; Rivollat, MaiÃàteÃÅ	7100	5300-5000 BCE	Germany_LBK_EN	Baden-W√ºrttemberg, Stuttgart-M√ºhlhausen II	Germany	48.78	9.18	1240K	0.060013	67101	F
XN206	XN206	gr. 56/528	tooth	2020	RivollatScienceAdvance2020	Haak, Wolfgang; Rivollat, MaiÃàteÃÅ	7086	5288-5051 calBCE (6202¬±25 BP, MAMS-36738)	Germany_LBK_EN	Baden-W√ºrttemberg, Stuttgart-M√ºhlhausen I	Germany	48.78	9.18	1240K	0.02384	27573	U(probablyM)
XN207	XN207	gr. 120/2150	tooth	2020	RivollatScienceAdvance2020	Haak, Wolfgang; Rivollat, MaiÃàteÃÅ	7100	5300-5000 BCE	Germany_LBK_EN	Baden-W√ºrttemberg, Stuttgart-M√ºhlhausen II	Germany	48.78	9.18	1240K	0.165229	156614	F
XN211	XN211	gr. 37/256	tooth	2020	RivollatScienceAdvance2020	Haak, Wolfgang; Rivollat, MaiÃàteÃÅ	7068	5212-5031 calBCE (6165¬±25 BP, MAMS-36733)	Germany_LBK_EN	Baden-W√ºrttemberg, Stuttgart-M√ºhlhausen I	Germany	48.78	9.18	1240K	0.058003	64250	F
XN215	XN215	gr. 20/208	tooth	2020	RivollatScienceAdvance2020	Haak, Wolfgang; Rivollat, MaiÃàteÃÅ	7010	5208-4945 calBCE (6115¬±25 BP, MAMS-36727)	Germany_LBK_EN	Baden-W√ºrttemberg, Stuttgart-M√ºhlhausen I	Germany	48.78	9.18	1240K	0.027499	31646	M
XN224	XN224	gr. 68/1428	tooth	2020	RivollatScienceAdvance2020	Haak, Wolfgang; Rivollat, MaiÃàteÃÅ	7091	5293-5053 calBCE (6207¬±25 BP, MAMS-36744)	Germany_LBK_EN	Baden-W√ºrttemberg, Stuttgart-M√ºhlhausen II	Germany	48.78	9.18	1240K	0.026351	30038	F
XN225	XN225	gr. 111/1979	tooth	2020	RivollatScienceAdvance2020	Haak, Wolfgang; Rivollat, MaiÃàteÃÅ	7100	5300-5000 BCE	Germany_LBK_EN	Baden-W√ºrttemberg, Stuttgart-M√ºhlhausen II	Germany	48.78	9.18	1240K	0.11259	120828	M
I0176	I0176	SZEH4	tooth (molar)	2015	MathiesonNature2015 (1240k of same same sample with 390k in HaakLazaridis2015)	Haak, Wolfgang	7026	5207-4944 calBCE (6110¬±30 BP, Beta-310038)	Hungary_LBK_MN	Szemely-Hegyes	Hungary	46.025398	18.325056	1240K	0.066	69444	F
I1496	I1496	HUNG352, NE6	petrous	2014	MathiesonNature2015 (capture of same sample shotgunned in Gamba2014)	Pinhasi, Ron	7052	5211-4992 calBCE (6135¬±33 BP, MAMS-14821)	Hungary_LBK_MN	Apc-Berekalya I	Hungary	47.167	19.833	1240K	5.246	812201	M
I1882	I1882	BUD4a	tooth (molar)	2017	LipsonNature2017	Sz√©cs√©nyi-Nagy, Anna	7050	5300-4900 BCE	Hungary_LBK_MN	Budakeszi, Sziliskert-Tangazdas√°g	Hungary	47.50163	18.910468	1240K	0.165	176572	M
I1883	I1883	TOLM4a	tooth (molar)	2017	LipsonNature2017	Sz√©cs√©nyi-Nagy, Anna	7139	5301-5076 calBCE (6233¬±23 BP, MAMS-14145)	Hungary_LBK_MN	Tolna-M√∂zs, M6TO026	Hungary	46.407091	18.742154	1240K	0.056	65309	M
I1904	I1904	BAL25b	petrous	2017	LipsonNature2017	Sz√©cs√©nyi-Nagy, Anna	7028	5208-4948 calBCE (6115¬±35 BP, Poz-82584)	Hungary_LBK_MN	B√°tasz√©k, Lajv√©r	Hungary	46.20487	18.7004	1240K	2.768	804922	M
I2739_published	I2739	GEN18	petrous	2017	LipsonNature2017	Sz√©cs√©nyi-Nagy, Anna	7142	5309-5074 calBCE (6244¬±34 BP, SUERC-51459)	Hungary_LBK_MN	Alsonyek-Bataszek, M√©rn√∂ki telep	Hungary	46.208562	18.700047	1240K	1.484	749828	M
I3536	I3536	KON3	tooth (molar)	2017	LipsonNature2017	Sz√©cs√©nyi-Nagy, Anna	7050	5300-4900 BCE	Hungary_LBK_MN	Enese elker√ºl, K√≥ny, Prolet√°r-d√ºl√∂, M85 2	Hungary	47.63868	17.36453	1240K	0.028	32582	F
I4196	I4196	BUD9a	tooth (molar)	2017	LipsonNature2017	Sz√©cs√©nyi-Nagy, Anna	7050	5300-4900 BCE	Hungary_LBK_MN	Budakeszi, Sziliskert-Tangazdas√°g	Hungary	47.50163	18.910468	1240K	1.098	638509	F
I0559	I0559	QLB15D	tooth	2015	MathiesonNature2015 (1240k of same same sample with 390k in HaakLazaridis2015)	Haak, Wolfgang	5541	3654-3527 calBCE (4815¬±26 BP, MAMS-22818)	Germany_Baalberge_MN	Quedlinburg Site IX	Germany	51.792	11.142	1240K	0.163	175263	M
I0807	I0807	ESP30	bone	2015	MathiesonNature2015 (1240k of same same sample with 390k in HaakLazaridis2015)	Haak, Wolfgang	5790	3970-3710 calBCE (5061¬±62 BP, Erl-7784)	Germany_Baalberge_MN	Esperstedt	Germany	51.42	11.68	1240K	0.086	91637	M
I0560	I0560	QLB18A	tooth	2015	MathiesonNature2015 (1240k of same same sample with 390k in HaakLazaridis2015)	Haak, Wolfgang	5458	3640-3376 calBCE (4745¬±52 BP, Erl-7856)	Germany_Baalberge_MN	Quedlinburg Site IX	Germany	51.792	11.142	1240K	0.407	375978	F
I0802	I0802	SALZ77A	tooth	2017	LipsonNature2017	Haak, Wolfgang	5163	3400-3025 BCE	Germany_Salzmuende_MN	Salzm√ºnde-Schiepzig	Germany	51.53305556	11.83305556	1240K	0.019	20614	M
I0800	I0800	SALZ57A	tooth	2017	LipsonNature2017	Haak, Wolfgang	5171	3345-3097 calBCE (4498¬±27 BP, KIA-31459)	Germany_Salzmuende_MN	Salzm√ºnde-Schiepzig	Germany	51.53305556	11.83305556	1240K	0.021	23827	F
I0551	I0551	SALZ3B	bone (long bone)	2015	MathiesonNature2015	Haak, Wolfgang	5163	3400-3025 BCE	Germany_Salzmuende_MN	Salzm√ºnde-Schiepzig	Germany	51.53305556	11.83305556	1240K	0.091	102382	M
RK1007	RK1007	RK1007.A0101, BZNK-035/2, Rasshevatskiy 1, kurgan 21, grave 13	tooth (molar)	2019	WangNatureCommunications2019	Krause, Johannes	5123	3328-3018 calBCE (4447¬±22 BP, MAMS-29818)	Yamnaya_Caucasus	Kuban steppe, Rasshevatskij 1	Russia	45.537249	41.116544	1240K	0.179359	184096	F
SA6010	SA6010	SA6010.A0101, BZNK-008/3, Sharakhalsun 6, kurgan 2, grave 13	tooth (molar)	2019	WangNatureCommunications2019	Krause, Johannes	4732	2884-2679 calBCE (4185¬±23 BP, MAMS-29821)	Yamnaya_Caucasus	Kaspi steppe, ≈†arachalsun 6	Russia	45.725651	43.986933	1240K	0.4313	372212	M
ZO2002	ZO2002	ZO2002.C0101, BZNK-281/2, Zolotarevka 2, kurgan 4, grave 4/Ind. 2	tooth (molar)	2019	WangNatureCommunications2019	Krause, Johannes	4850	3300-2500 BCE	Yamnaya_Caucasus	North Caucasus steppe, Zolotarj√´vka 2	Russia	45.659025	42.60675	1240K	0.813761	514467	F
RK1001	RK1001	RK1001.C0101, BZNK-034/4, Rasshevatskiy 1, kurgan 21, grave 11	tooth (molar)	2019	WangNatureCommunications2019	Krause, Johannes	4726	2879-2673 calBCE (4171¬±22 BP, MAMS-29816)	Yamnaya_Caucasus	Kuban steppe, Rasshevatskij 1	Russia	45.537249	41.116544	1240K	1.545515	609235	M
I2105	I2105	Yamna4	petrous	2018	MathiesonNature2018	Lillie, Malcolm	4850	3300-2500 BCE	Yamnaya_Ukraine	Shevchenko, OAE-2003	Ukraine	48.220364	37.146114	1240K	5.066	802473	F
I3141_published	I3141	Yamna 5	tooth (molar)	2018	MathiesonNature2018	Lillie, Malcolm	4850	3300-2500 BCE	Yamnaya_Ukraine	Shevchenko, OAE-2003	Ukraine	48.220364	37.146114	1240K	0.04	45365	F
I1917	I1917	Yamna1	tooth (molar)	2018	MathiesonNature2018	Lillie, Malcolm	4955	3095-2915 calBCE (4390¬±30 BP, Beta-432809)	Yamnaya_Ukraine	Ozera, OAE-99	Ukraine	48.991214	33.950515	1240K	0.909	602225	F
MK3003	MK3003	MK3003.A0101, BZNK-051/1, Marinskaya 3, kurgan 1, grave 7	tooth (molar)	2019	WangNatureCommunications2019	Krause, Johannes	4477	2577-2476 calBCE (4020¬±22 BP, MAMS-29809)	Russia_Catacomb	Piedmont, Mar'inskaja 3	Russia	43.925355	43.530317	1240K	0.551024	445824	F
RK4001	RK4001	RK4001.A0101, BZNK-284/1, Rasshevatskiy 4, kurgan 1, grave 4	petrous	2019	WangNatureCommunications2019	Krause, Johannes	4277	2451-2203 calBCE (3837¬±22 BP, MAMS-29819)	Russia_Catacomb	Kuban steppe, Rasshevatskij 4	Russia	45.535978	41.059517	1240K	1.004473	548136	M
RK4002	RK4002	RK4002.B0101, BZNK-304/2, Rasshevatskiy 4, kurgan 1, grave 5	tooth (molar)	2019	WangNatureCommunications2019	Krause, Johannes	4610	2831-2489 calBCE (4050¬±22 BP, MAMS-29820)	Russia_Catacomb	Kuban steppe, Rasshevatskij 4	Russia	45.535978	41.059517	1240K	1.118488	633034	M
SA6003	SA6003	SA6003.B0101, BZNK-010/2, Sharakhalsun 6, kurgan 2, grave 9	tooth (molar)	2019	WangNatureCommunications2019	Krause, Johannes	4293	2474-2211 calBCE (3890¬±40 BP, GIN-12400)	Russia_Catacomb	Kaspi steppe, ≈†arachalsun 6	Russia	45.725651	43.986933	1240K	0.472648	385338	M
I4435	I4435	ZVEJ13, Burial 278	petrous	2018	MathiesonNature2018	Pinhasi, Ron	6003	4146-3960 calBCE (5210¬±30 BP, PSUAMS-2232)	Latvia_MN	Zvejnieki	Latvia	56.2833	25.1333	1240K	3.407	729122	F
I4436	I4436	ZVEJ14, Burial 261	petrous	2018	MathiesonNature2018	Pinhasi, Ron	6105	4260-4050 calBCE (5335¬±30 BP, PSUAMS-2233)	Latvia_MN	Zvejnieki	Latvia	56.2833	25.1333	1240K	3.029	751632	M
I4437	I4437	ZVEJ15, Burial 226	petrous	2018	MathiesonNature2018	Pinhasi, Ron	6148	4329-4067 calBCE (5370¬±30 BP, PSUAMS-2234)	Latvia_MN	Zvejnieki	Latvia	56.2833	25.1333	1240K	3.6	732248	F
I4554	I4554	ZVEJ24, Burial 207	petrous	2018	MathiesonNature2018	Pinhasi, Ron	5949	4042-3956 calBCE (5180¬±30 BP, PSUAMS-2237)	Latvia_MN	Zvejnieki	Latvia	56.2833	25.1333	1240K	2.526	722665	F
I4627	I4627	ZVEJ26	petrous	2017	MathiesonNature2018	Pinhasi, Ron	6064	4251-3976 calBCE (5280¬±55 BP, Ua-3639)	Latvia_MN	Zvejnieki	Latvia	56.2833	25.1333	1240K	1.77	686273	M
I1926_published	I1926	1V1a-H1	tooth	2018	MathiesonNature2018	Lillie, Malcolm	5736	3931-3640 calBCE [3705-3640 calBCE (4890¬±30 BP, Beta-432808), 3931-3670 calBCE (4985¬±30 BP, OxA-25991)]	Ukraine_Trypillian	Verteba Cave	Ukraine	48.7225	25.880833	1240K	0.211	219791	M
I2110	I2110	4.V4a-H4	bone (cranial)	2018	MathiesonNature2018	Lillie, Malcolm	5735	3911-3659 calBCE (4976¬±33 BP, OxA-26203)	Ukraine_Trypillian	Verteba Cave	Ukraine	48.7225	25.880833	1240K	0.154	164691	M
I2111_published	I2111	5.V5a-H5	bone (cranial)	2018	MathiesonNature2018	Lillie, Malcolm	5647	3758-3636 calBCE (4888¬±32 BP, OxA-26204)	Ukraine_Trypillian	Verteba Cave	Ukraine	48.7225	25.880833	1240K	0.054	62041	M
I3151_published	I3151	6 V6a-H6	tooth and bone (cranial)	2018	MathiesonNature2018	Lillie, Malcolm	5750	4000-3600 BCE	Ukraine_Trypillian	Verteba Cave	Ukraine	48.7225	25.880833	1240K	0.029	34031	M
I2403	I2403	3.4	bone (long bone)	2018	MathiesonNature2018	Caramelli, David	4673	2870-2575 calBCE (4120¬±30 BP, Beta-430712)	Poland_Globular_Amphora	Kierzkowo	Poland	52.85	17.88333333	1240K	0.318	290049	M
I2405_published	I2405	8.2a	bone (long bone)	2018	MathiesonNature2018	Caramelli, David	5128	3335-3020 calBCE (4460¬±30 BP, Beta-430713)	Poland_Globular_Amphora	Kierzkowo	Poland	52.85	17.88333333	1240K	0.082	91505	M
I2433	I2433	5.1	bone	2018	MathiesonNature2018	Caramelli, David	4950	3100-2900 BCE (mother to directly dated I2407: 3095-2915 calBCE (4390¬±30 BP, Beta-430714)	Poland_Globular_Amphora	Kierzkowo	Poland	52.85	17.88333333	1240K	0.97	528330	F
I2434	I2434	5.3	bone (cranial)	2018	MathiesonNature2018	Caramelli, David	5050	3400-2800 BCE	Poland_Globular_Amphora	Kierzkowo	Poland	52.85	17.88333333	1240K	0.107	112399	F
I2440	I2440	7.6	bone (long bone)	2018	MathiesonNature2018	Caramelli, David	4950	3100-2900 BCE (father to directly dated I2407: 3095-2915 calBCE (4390¬±30 BP, Beta-430714)	Poland_Globular_Amphora	Kierzkowo	Poland	52.85	17.88333333	1240K	0.196	189493	M
I2441	I2441	8.5	bone	2018	MathiesonNature2018	Caramelli, David	5050	3400-2800 BCE	Poland_Globular_Amphora	Kierzkowo	Poland	52.85	17.88333333	1240K	0.752	510373	M
ILK001	ILK001	ILK001	..	2018	MathiesonNature2018	Krause, Johannes	4753	2899-2706 calBCE (4221¬±22 BP, MAMS-30072)	Ukraine_Globular_Amphora	Ilatka	Ukraine	49.55777778	27.68861111	1240K	4.302	900165	M
ILK002	ILK002	ILK002	..	2018	MathiesonNature2018	Krause, Johannes	4742	2890-2694 calBCE (4192¬±22 BP, MAMS-30073)	Ukraine_Globular_Amphora	Ilatka	Ukraine	49.55777778	27.68861111	1240K	5.336	926361	M
ILK003	ILK003	ILK003	..	2018	MathiesonNature2018	Krause, Johannes	4754	2900-2709 calBCE (4225¬±22 BP, MAMS-30074)	Ukraine_Globular_Amphora	Ilatka	Ukraine	49.55777778	27.68861111	1240K	4.635	869552	F
I0172	I0172	ESP24	tooth	2015	MathiesonNature2015 (1240k of same same sample with 390k in HaakLazaridis2015)	Haak, Wolfgang	5173	3360-3086 calBCE (4502¬±48 BP, Erl-8699)	Germany_Esperstedt_MN	Esperstedt	Germany	51.42	11.68	1240K	25.372	1035229	M
I1497	I1497	HUNG353, CO1	petrous	2014	MathiesonNature2015 (capture of same sample shotgunned in Gamba2014)	Pinhasi, Ron	4750	2900-2700 calBCE (4421¬±27 BP, MAMS-14825)	Hungary_Baden_LCA	Apc-Berekalya I	Hungary	47.167	19.833	1240K	4.563	813947	F
I2366_published	I2366	GEN12a	petrous	2017	LipsonNature2017	Sz√©cs√©nyi-Nagy, Anna	5093	3340-2945 calBCE (4455¬±35 BP, Poz-88227)	Hungary_Baden_LCA	Budakal√°sz, Luppa cs√°rda	Hungary	47.62094	19.04494	1240K	1.982	798237	M
I2367_published	I2367	GEN13a	petrous	2017	LipsonNature2017	Sz√©cs√©nyi-Nagy, Anna	5081	3332-2929 calBCE (4440¬±35 BP, Poz-88228)	Hungary_Baden_LCA	Budakal√°sz, Luppa cs√°rda	Hungary	47.62094	19.04494	1240K	2.649	836355	M
I2368	I2368	GEN14a	petrous	2017	LipsonNature2017	Sz√©cs√©nyi-Nagy, Anna	5025	3300-2850 BCE	Hungary_Baden_LCA	Budakal√°sz, Luppa cs√°rda	Hungary	47.62094	19.04494	1240K	0.07	79059	M
I2369	I2369	GEN15a	petrous	2017	LipsonNature2017	Sz√©cs√©nyi-Nagy, Anna	5185	3367-3103 calBCE (4545¬±35 BP, Poz-83634)	Hungary_Baden_LCA	Budakal√°sz, Luppa cs√°rda	Hungary	47.62094	19.04494	1240K	1.664	758484	M
I2370	I2370	GEN16a	petrous	2017	LipsonNature2017	Sz√©cs√©nyi-Nagy, Anna	5096	3346-2945 calBCE (4460¬±40 BP, Poz-88230)	Hungary_Baden_LCA	Alsonemedi	Hungary	47.31875	19.16692	1240K	4.3	852351	F
I2371	I2371	GEN17a	petrous	2017	LipsonNature2017	Sz√©cs√©nyi-Nagy, Anna	5179	3359-3098 calBCE (4520¬±35 BP, Poz-83635)	Hungary_Baden_LCA	Alsonemedi	Hungary	47.31875	19.16692	1240K	0.823	546806	M
I2752	I2752	GEN21	petrous	2017	LipsonNature2017	Sz√©cs√©nyi-Nagy, Anna	5175	3600-2850 BCE	Hungary_Baden_LCA	Balatonlelle, Fels-Gam√°sz	Hungary	46.78469	17.731714	1240K	0.669	520804	M
I2753	I2753	GEN22	petrous	2017	LipsonNature2017	Sz√©cs√©nyi-Nagy, Anna	5081	3332-2929 calBCE (4440¬±35 BP, Poz-88231)	Hungary_Baden_LCA	Balatonlelle, Fels-Gam√°sz	Hungary	46.78469	17.731714	1240K	2.306	867336	M
I2754	I2754	GEN23	petrous	2017	LipsonNature2017	Sz√©cs√©nyi-Nagy, Anna	5131	3337-3024 calBCE (4465¬±30 BP, Poz-83637)	Hungary_Baden_LCA	Balatonlelle, Fels-Gam√°sz	Hungary	46.78469	17.731714	1240K	0.335	321304	M
I2755	I2755	GEN24	petrous	2017	LipsonNature2017	Sz√©cs√©nyi-Nagy, Anna	5175	3600-2850 BCE	Hungary_Baden_LCA	Balatonlelle, Fels-Gam√°sz	Hungary	46.78469	17.731714	1240K	0.037	42687	M
I2763	I2763	Vors1	tooth (molar)	2017	LipsonNature2017	Sz√©cs√©nyi-Nagy, Anna	5182	3360-3103 calBCE (4528¬±31 BP, DeA-14662)	Hungary_Baden_LCA	V√∂rs	Hungary	46.665765	17.270774	1240K	0.025	29086	F
I2785	I2785	GEN55	petrous	2017	LipsonNature2017	Sz√©cs√©nyi-Nagy, Anna	5175	3600-2850 BCE	Hungary_Baden_LCA	V√°mosgy√∂rk, MHAT telep	Hungary	47.684976	19.918434	1240K	0.811	572729	F
N38.SG	N38	N38	petrous	2018	FernandesScientificReports2018	..	5033	3263-2903 calBCE (4380¬±40 BP, Poz-77333)	Poland_GAC.SG	Brzesc Kujawski	Poland	52.61	18.9	Shotgun	2.214032	1022642	F
RISE1159.SG	RISE1159	ind 1	petrous	2019	SchroederPNAS2019	SchroederPNAS2019	4730	2882-2678 calBCE (4180¬±22 BP)	Poland_Koszyce_GAC.SG	Koszyce, site 3	Poland	48.7	21.2	Shotgun	2.655982	1068129	F
RISE1161.SG	RISE1161	ind 3	petrous	2019	SchroederPNAS2019	SchroederPNAS2019	4757	2914-2700 calBCE (4239¬±33 BP)	Poland_Koszyce_GAC.SG	Koszyce, site 3	Poland	48.7	21.2	Shotgun	1.224078	813323	F
RISE1163.SG	RISE1163	ind 5	petrous	2019	SchroederPNAS2019	SchroederPNAS2019	4735	2891-2679 calBCE (4196¬±25 BP)	Poland_Koszyce_GAC.SG	Koszyce, site 3	Poland	48.7	21.2	Shotgun	3.806159	1147530	M
RISE1165.SG	RISE1165	ind 7	petrous	2019	SchroederPNAS2019	SchroederPNAS2019	4743	2906-2679 calBCE (4220¬±34 BP)	Poland_Koszyce_GAC.SG	Koszyce, site 3	Poland	48.7	21.2	Shotgun	2.097855	1025600	M
RISE1166.SG	RISE1166	ind 8	petrous	2019	SchroederPNAS2019	SchroederPNAS2019	4908	3024-2891 calBCE (4330¬±34 BP)	Poland_Koszyce_GAC.SG	Koszyce, site 3	Poland	48.7	21.2	Shotgun	2.825223	1079562	F
RISE1170.SG	RISE1170	ind 12	petrous	2019	SchroederPNAS2019	SchroederPNAS2019	4749	2900-2697 calBCE (4213¬±26 BP)	Poland_Koszyce_GAC.SG	Koszyce, site 3	Poland	48.7	21.2	Shotgun	3.528417	1112811	F
RISE1246.SG	RISE1246	grave 3ZC; ind 4	petrous	2019	SchroederPNAS2019	SchroederPNAS2019	4715	2895-2635 calBCE (4190¬±40 BP)	Poland_Ksiaznice_GAC.SG	Z≈Çota-Ksiaznice	Poland	50.2	21.4	Shotgun	0.446149	417705	F
RISE1248.SG	RISE1248	grave 3ZC; ind 2	petrous	2019	SchroederPNAS2019	SchroederPNAS2019	4725	3100-2450 BCE [based on other dates from same archaeological context in same study]	Poland_Ksiaznice_GAC.SG	Z≈Çota-Ksiaznice	Poland	50.2	21.4	Shotgun	0.732095	604561	F
RISE1249.SG	RISE1249	grave 3ZC; ind 1	tooth	2019	SchroederPNAS2019	SchroederPNAS2019	4737	2905-2668 calBCE (4210¬±40 BP)	Poland_Ksiaznice_GAC.SG	Z≈Çota-Ksiaznice	Poland	50.2	21.4	Shotgun	0.944539	710701	F
RISE1252.SG	RISE1252	grave 3	petrous	2019	SchroederPNAS2019	SchroederPNAS2019	4725	3100-2450 BCE [based on other dates from same archaeological context in same study]	Poland_Mierzanowice_GAC.SG	Mierzanowice	Poland	50.8	21.5	Shotgun	0.390404	386250	M
RISE1241.SG	RISE1241	grave 8; sk 3	petrous	2019	SchroederPNAS2019	SchroederPNAS2019	4753	2900-2705 calBCE (4222¬±23 BP)	Poland_Sandomierz_GAC.SG	Sandomierz	Poland	50.6	21.7	Shotgun	0.79973	654308	M
RISE1250.SG	RISE1250	grave 2	tooth	2019	SchroederPNAS2019	SchroederPNAS2019	4725	3100-2450 BCE [based on other dates from same archaeological context in same study]	Poland_Sandomierz_GAC.SG	Sandomierz	Poland	50.6	21.7	Shotgun	0.453487	433954	M
RISE1254.SG	RISE1254	grave 10; sk 3	petrous	2019	SchroederPNAS2019	SchroederPNAS2019	4725	3100-2450 BCE [based on other dates from same archaeological context in same study]	Poland_Wilczyce_GAC.SG	Z≈Çota-Wilczyce	Poland	51.1	17.1	Shotgun	0.404568	397812	M
KK1.SG	KK1	Kotias	tooth	2015	JonesNatureCommunications2015	..	9720	7940-7600 calBCE [7938-7580 calBCE (8665¬±65 BP, RTT-5246), 7946-7612 calBCE (8745¬±40, OxA-28256)]	CHG	Kotias Klde	Georgia	42.28	43.28	Shotgun	12.482	1180629	M
SATP.SG	SATP	Satsurblia	petrous	2015	JonesNatureCommunications2015	..	13255	11430-11180 calBCE (11415¬±50 BP, OxA-34632)	CHG	Satsurblia	Georgia	42.38	42.59	Shotgun	1.191	816136	M
I0122	I0122	Khvalynsk II Grave 12, SVP 35	bone (long bone)	2015	MathiesonNature2015	Anthony, David	6807	4934-4780 calBCE (5960¬±25 BP, PSUAMS-4031)	Russia_Khvalynsk_EN	Samara Oblast, Volga River Valley, Khvalynsk II	Russia	52.22	48.1	1240K	0.723	569453	M
I0433	I0433	Khvalynsk II Grave 1, SVP HB 46	bone (long bone)	2015	MathiesonNature2015	Anthony, David	6566	4689-4543 calBCE (5760¬±25 BP, PSUAMS-4032)	Russia_Khvalynsk_EN	Samara Oblast, Volga River Valley, Khvalynsk II	Russia	52.22	48.1	1240K	0.476	431545	M
I0434	I0434	Khvalynsk II Grave 17, SVP HB 47	bone (long bone)	2015	MathiesonNature2015	Anthony, David	6906	5051-4860 calBCE (6070¬±25 BP, PSUAMS-4033)	Russia_Khvalynsk_EN	Samara Oblast, Volga River Valley, Khvalynsk II	Russia	52.22	48.1	1240K	0.053	61851	M
I4432	I4432	ZVEJ10, Burial 67	petrous	2018	MathiesonNature2018	Pinhasi, Ron	7948	6075-5920 calBCE (7140¬±40 BP, PSUAMS-2230)	Latvia_HG	Zvejnieki	Latvia	56.2833	25.1333	1240K	3.757	746654	M
I4434	I4434	ZVEJ12, Burial 128	petrous	2018	MathiesonNature2018	Pinhasi, Ron	7446	5606-5385 calBCE (6530¬±35 BP, PSUAMS-2231)	Latvia_HG	Zvejnieki	Latvia	56.2833	25.1333	1240K	3.483	745524	M
I4438	I4438	ZVEJ16, Burial 224	petrous	2018	MathiesonNature2018	Pinhasi, Ron	7291	5462-5220 calBCE (6335¬±35 BP, PSUAMS-2235)	Latvia_HG	Zvejnieki	Latvia	56.2833	25.1333	1240K	3.815	757881	M
I4439	I4439	ZVEJ20	petrous	2018	MathiesonNature2018	Pinhasi, Ron	7648	5763-5633 calBCE (6815¬±40 BP, PSUAMS-2236)	Latvia_HG	Zvejnieki	Latvia	56.2833	25.1333	1240K	3.781	758805	M
I4440	I4440	ZVEJ21, Burial 197	petrous	2018	MathiesonNature2018	Pinhasi, Ron	7080	5220-5039 calBCE (6180¬±30 BP, PSUAMS-2264)	Latvia_HG	Zvejnieki	Latvia	56.2833	25.1333	1240K	3.22	735842	M
I4441	I4441	ZVEJ22, Burial 173	petrous	2018	MathiesonNature2018	Pinhasi, Ron	6725	4837-4713 calBCE (5900¬±30 BP, PSUAMS-2265)	Latvia_HG	Zvejnieki	Latvia	56.2833	25.1333	1240K	3.521	747334	M
I4550	I4550	ZVEJ3, Burial 52	petrous	2018	MathiesonNature2018	Pinhasi, Ron	8489	6601-6476 calBCE (7715¬±25 BP, PSUAMS-2835)	Latvia_HG	Zvejnieki	Latvia	56.2833	25.1333	1240K	4.42	777349	M
I4551	I4551	ZVEJ4, Burial 108	petrous	2018	MathiesonNature2018	Pinhasi, Ron	7671	5775-5666 calBCE (6845¬±25 BP, PSUAMS-2836)	Latvia_HG	Zvejnieki	Latvia	56.2833	25.1333	1240K	3.901	708525	M
I4552	I4552	ZVEJ5, Burial 117	petrous	2018	MathiesonNature2018	Pinhasi, Ron	7377	5479-5374 calBCE (6460¬±25 BP, PSUAMS-2837)	Latvia_HG	Zvejnieki	Latvia	56.2833	25.1333	1240K	4.174	744989	F
I4553	I4553	ZVEJ7, Burial 98	petrous	2018	MathiesonNature2018	Pinhasi, Ron	7379	5482-5375 calBCE (6470¬±25 BP, PSUAMS-2838)	Latvia_HG	Zvejnieki	Latvia	56.2833	25.1333	1240K	1.028	513811	M
I4595	I4595	ZVEJ8, Grave 99	petrous	2018	MathiesonNature2018	Pinhasi, Ron	7637	5728-5646 calBCE (6800¬±25 BP, PSUAMS-2683)	Latvia_HG	Zvejnieki	Latvia	56.2833	25.1333	1240K	4.22	784978	F
I4596	I4596	ZVEJ9, Burial 49	petrous	2018	MathiesonNature2018	Pinhasi, Ron	7976	6061-5990 calBCE (7150¬±25 BP, PSUAMS-2839)	Latvia_HG	Zvejnieki	Latvia	56.2833	25.1333	1240K	4.379	826812	M
I4626	I4626	ZVEJ25	petrous	2017	MathiesonNature2018	Pinhasi, Ron	7689	5841-5636 calBCE (6840¬±55 BP, Hela-1212)	Latvia_HG	Zvejnieki	Latvia	56.2833	25.1333	1240K	0.542	379869	M
I4628	I4628	ZVEJ27	petrous	2017	MathiesonNature2018	Pinhasi, Ron	7027	5302-4852 calBCE (6145¬±80 BP, Ua-19883)	Latvia_HG	Zvejnieki	Latvia	56.2833	25.1333	1240K	2.881	717447	M
I4630	I4630	ZVEJ30	petrous	2018	MathiesonNature2018	Pinhasi, Ron	9222	7465-7078 calBCE (8240¬±70 BP)	Latvia_HG	Zvejnieki	Latvia	56.2833	25.1333	1240K	2.426	765342	M
I4632	I4632	ZVEJ32, HG1	petrous	2017	MathiesonNature2018	Pinhasi, Ron	8308	6467-6249 calBCE (7525¬±60 BP, LuS-8220)	Latvia_HG	Zvejnieki	Latvia	56.2833	25.1333	1240K	3.513	785920	F
Donkalnis1	Donkalnis1	Donkalnis1	..	2018	MittnikNatureCommunications2018	..	6150	5500-2900 BCE	Lithuania_EMN_Narva	Donkalnis	Lithuania	..	..	1240K	0.042996	47257	F
Donkalnis6	Donkalnis6	Donkalnis6	..	2018	MittnikNatureCommunications2018	..	6575	4720-4530 calBCE(5770¬±40 BP, Poz-61574)	Lithuania_EMN_Narva	Donkalnis	Lithuania	..	..	1240K	5.822022	945839	F
Donkalnis7	Donkalnis7	Donkalnis7	..	2018	MittnikNatureCommunications2018	..	7150	5460-4940 calBCE(6220¬±90 BP, Poz-61576)	Lithuania_EMN_Narva	Donkalnis	Lithuania	..	..	1240K	0.725416	467765	M
Kretuonas1	Kretuonas1	Kretuonas1	..	2018	MittnikNatureCommunications2018	..	6090	4460-3820 calBCE(5350¬±130 BP, OxA-5935)	Lithuania_EMN_Narva	Kretuonas 1B	Lithuania	..	..	1240K	0.351123	298198	F
Kretuonas2	Kretuonas2	Kretuonas2	..	2018	MittnikNatureCommunications2018	..	6150	5500-2900 BCE	Lithuania_EMN_Narva	Kretuonas 1B	Lithuania	..	..	1240K	1.231009	653282	M
Kretuonas4	Kretuonas4	Kretuonas4	..	2018	MittnikNatureCommunications2018	..	6150	5500-2900 BCE	Lithuania_EMN_Narva	Kretuonas 1B	Lithuania	..	..	1240K	8.493176	1006360	F
Spiginas1	Spiginas1	Spiginas1	..	2018	MittnikNatureCommunications2018	..	6290	4440-4240 calBCE(5470¬±40 BP, Poz-61572)	Lithuania_EMN_Narva	Spiginas	Lithuania	..	..	1240K	5.887981	998529	M
I1732	I1732	StPet3, collection 6204, individual 7	petrous	2018	MathiesonNature2018	Pinhasi, Ron	7239	5364-5213 calBCE (6300¬±40 BP, Poz-81130)	Ukraine_Neolithic	Vovnigi	Ukraine	48.133333	35.083333	1240K	2.552	733086	F
I1734	I1734	StPet7, site 4, collection 6285, individual 14	petrous	2018	MathiesonNature2018	Pinhasi, Ron	9202	7446-7058 calBCE (8190¬±60 BP, Poz-81129, date suspect because poor quality collagen)	Ukraine_Neolithic	Vasil'evka	Ukraine	47.434167	35.276389	1240K	4.048	764467	M
I1736	I1736	StPet11, site 8, collection 6285, individual 11	petrous	2018	MathiesonNature2018	Pinhasi, Ron	8109	6248-6070 calBCE (7320¬±40 BP, Poz-81154)	Ukraine_Neolithic	Vasil'evka	Ukraine	47.434167	35.276389	1240K	1.238	650136	F
I1738	I1738	StPet4, collection 6204, individual 4	petrous	2018	MathiesonNature2018	Pinhasi, Ron	7350	5473-5326 calBCE (6420¬±40 BP, Poz-81153)	Ukraine_Neolithic	Vovnigi	Ukraine	48.133333	35.083333	1240K	2.12	725220	M
I3712_published	I3712	Mos21, 130, H266, grave 35	tooth	2018	MathiesonNature2018	Pinhasi, Ron	7392	5507-5376 calBCE (6490¬±25 BP, PSUAMS-2300)	Ukraine_Neolithic	Volniensky, Vilnianka	Ukraine	47.9543	35.3893	1240K	0.049	56730	M
I3713_published	I3713	Mos23, 104, H268, grave 1	tooth	2018	MathiesonNature2018	Pinhasi, Ron	7001	5190-4911 calBCE (6080¬±25 BP, PSUAMS-2301)	Ukraine_Neolithic	Volniensky, Vilnianka	Ukraine	47.9543	35.3893	1240K	0.045	53024	M
I3714	I3714	Mos24, Grave28, 124	tooth	2018	MathiesonNature2018	Pinhasi, Ron	7100	5500-4800 BCE	Ukraine_Neolithic	Volniensky, Vilnianka	Ukraine	47.9543	35.3893	1240K	0.107	118718	M
I3715	I3715	Mos27, Grave9, 111	tooth	2018	MathiesonNature2018	Pinhasi, Ron	7529	5636-5521 calBCE (6655¬±35 BP, PSUAMS-1907)	Ukraine_Neolithic	Volniensky, Vilnianka	Ukraine	47.9543	35.3893	1240K	0.619	466974	M
I3716_published	I3716	Mos28, 120, H273, grave 25	tooth	2018	MathiesonNature2018	Pinhasi, Ron	7349	5469-5328 calBCE (6410¬±25 BP, PSUAMS-2302)	Ukraine_Neolithic	Volniensky, Vilnianka	Ukraine	47.9543	35.3893	1240K	0.084	95143	M
I3717	I3717	Mos49, Grave 46, 242	tooth	2018	MathiesonNature2018	Pinhasi, Ron	7289	5460-5218 calBCE (6330¬±35 BP, PSUAMS-1908)	Ukraine_Neolithic	Dereivka I	Ukraine	48.91422	33.76493	1240K	0.671	496612	M
I3718	I3718	Mos52 Grave 86 (also Mos36, Grave X)	tooth	2018	MathiesonNature2018	Pinhasi, Ron	7230	5345-5215 calBCE (6300¬±35 BP, PSUAMS-1909)	Ukraine_Neolithic	Dereivka I	Ukraine	48.91422	33.76493	1240K	0.745935	496968	M
I4111	I4111	Mos60, Grave 123, 307	tooth	2018	MathiesonNature2018	Pinhasi, Ron	6585	4722-4548 calBCE (5795¬±35 BP, PSUAMS-1910)	Ukraine_Neolithic	Dereivka I	Ukraine	48.91422	33.76493	1240K	2.11	728256	F
I4112_published	I4112	Mos61, Grave 1, 196	tooth	2018	MathiesonNature2018	Pinhasi, Ron	7100	5500-4800 BCE	Ukraine_Neolithic	Dereivka I	Ukraine	48.91422	33.76493	1240K	0.047	54682	M
I4114	I4114	Mos64, Grave 103, 290	tooth	2018	MathiesonNature2018	Pinhasi, Ron	7351	5473-5329 calBCE (6420¬±35 BP, PSUAMS-1911)	Ukraine_Neolithic	Dereivka I	Ukraine	48.91422	33.76493	1240K	0.982	592049	M
I5868_published	I5868	Mos11, Grave 27, 122 (or is it Grave 227?)	tooth	2018	MathiesonNature2018	Pinhasi, Ron	7341	5467-5315 calBCE (6385¬±25 BP, PSUAMS-2807)	Ukraine_Neolithic	Volniensky, Vilnianka	Ukraine	47.9543	35.3893	1240K	0.018	20747	M
I5870	I5870	Mos16, Grave 32, 128	tooth (molar)	2018	MathiesonNature2018	Pinhasi, Ron	7360	5475-5344 calBCE (6430¬±25 BP, PSUAMS-2684)	Ukraine_Neolithic	Volniensky, Vilnianka	Ukraine	47.9543	35.3893	1240K	0.225	214705	M
I5872_published	I5872	Mos25, Grave26, 121	tooth (molar)	2018	MathiesonNature2018	Pinhasi, Ron	7382	5489-5375 calBCE (6485¬±25 BP, PSUAMS-2808)	Ukraine_Neolithic	Volniensky, Vilnianka	Ukraine	47.9543	35.3893	1240K	0.088	97167	M
I5873_published	I5873	Mos32, Grave 14, 114	tooth	2018	MathiesonNature2018	Pinhasi, Ron	7346	5469-5322 calBCE (6400¬±25 BP, PSUAMS-2809)	Ukraine_Neolithic	Volniensky, Vilnianka	Ukraine	47.9543	35.3893	1240K	0.019	21944	F
I5875	I5875	Mos34, Grave 53, 249	tooth	2018	MathiesonNature2018	Pinhasi, Ron	7126	5291-5060 calBCE (6210¬±25 BP, PSUAMS-2810)	Ukraine_Neolithic	Dereivka I	Ukraine	48.91422	33.76493	1240K	0.795	444315	M
I5881_published	I5881	Mos39, Grave 20, 215	tooth	2018	MathiesonNature2018	Pinhasi, Ron	7089	5218-5059 calBCE (6190¬±20 BP, PSUAMS-2825)	Ukraine_Neolithic	Dereivka I	Ukraine	48.91422	33.76493	1240K	0.063	71101	M
I5883	I5883	Mos41, Grave 39, 234	tooth	2018	MathiesonNature2018	Pinhasi, Ron	7056	5208-5003 calBCE (6140¬±25 BP, PSUAMS-2827)	Ukraine_Neolithic	Dereivka I	Ukraine	48.91422	33.76493	1240K	0.158	166148	M
I5886_published	I5886	Mos46, Grave 12, 207	tooth	2018	MathiesonNature2018	Pinhasi, Ron	7217	5314-5220 calBCE (6290¬±25 BP, PSUAMS-2829)	Ukraine_Neolithic	Dereivka I	Ukraine	48.91422	33.76493	1240K	0.074	81249	M
I5889_published	I5889	Mos50, Grave 109, 296	tooth	2018	MathiesonNature2018	Pinhasi, Ron	6998	5310-4785 calBCE (6110¬±120 BP, OxA-5031)	Ukraine_Neolithic	Dereivka I	Ukraine	48.91422	33.76493	1240K	0.045	50686	F
I5890	I5890	Mos51, Grave 87, 275	tooth	2018	MathiesonNature2018	Pinhasi, Ron	7124	5286-5062 calBCE (6210¬±20 BP, PSUAMS-2830)	Ukraine_Neolithic	Dereivka I	Ukraine	48.91422	33.76493	1240K	0.357	294663	M
I5892	I5892	Mos59, Grave 33, 280	tooth	2018	MathiesonNature2018	Pinhasi, Ron	7092	5301-4982 calBCE (6175¬±60 BP, OxA-6162)	Ukraine_Neolithic	Dereivka I	Ukraine	48.91422	33.76493	1240K	0.108	117491	M
I5957_published	I5957	MOs30, Grave 10, 112	tooth	2018	MathiesonNature2018	Pinhasi, Ron	7334	5467-5301 calBCE (6365¬±30 BP, PSUAMS-3981)	Ukraine_Neolithic	Volniensky, Vilnianka	Ukraine	47.9543	35.3893	1240K	0.067	76993	M
I6133_published	I6133	Mos31, Grave 13, 113	tooth	2018	MathiesonNature2018	Pinhasi, Ron	7200	6500-4000 BCE	Ukraine_Neolithic	Volniensky, Vilnianka	Ukraine	47.9543	35.3893	1240K	0.035	40050	F
I0061	I0061	UzOO74	tooth	2015	MathiesonNature2015 (1240k of same same sample with 390k in HaakLazaridis2015)	Haak, Wolfgang	8280	6773-5886 BCE [other dates in the layer used in the Bayesian modeling analysis we used to obtain this range are (7280¬±80 BP, OxA-1665), 6410-6050 calBCE (7350¬±90 BP, OxA-2266), 6390-6030 calBCE (7330¬±90 BP, OxA-1667), 6590-6240 calBCE (7560¬±90 BP, OxA-1668), 6590-6240 calBCE (7560¬±90 BP, OxA-1669), 6360-6000 calBCE (7280¬±90 BP, OxA-2124), 6530-6210 calBCE (7510¬±90 BP, OxA-2125), 6850-6410 calBCE (7750¬±110 BP, OxA-1973), layer date]	EHG	Karelia, Yuzhnyy Oleni Ostrov	Russia	61.65	35.65	1240K	5.272	1025148	M
I0124	I0124	Lebyazhinka IV, Grave 1, SVP HB 44	bone (long bone)	2015	MathiesonNature2015 (1240k of same same sample with 390k in HaakLazaridis2015)	Anthony, David	7549	5657-5541 calBCE (6680¬±30 BP, Beta-392490)	EHG	Samara Oblast, Volga River Valley, Sok River, Lebyazhinka	Russia	53.680623	50.675349	1240K	0.598	477876	M
I0211	I0211	UzOO40	tooth	2015	MathiesonNature2015	Haak, Wolfgang	8280	6773-5886 BCE [other dates in the layer used in the Bayesian modeling analysis we used to obtain this range are (7280¬±80 BP, OxA-1665), 6410-6050 calBCE (7350¬±90 BP, OxA-2266), 6390-6030 calBCE (7330¬±90 BP, OxA-1667), 6590-6240 calBCE (7560¬±90 BP, OxA-1668), 6590-6240 calBCE (7560¬±90 BP, OxA-1669), 6360-6000 calBCE (7280¬±90 BP, OxA-2124), 6530-6210 calBCE (7510¬±90 BP, OxA-2125), 6850-6410 calBCE (7750¬±110 BP, OxA-1973), layer date]	EHG	Karelia, Yuzhnyy Oleni Ostrov	Russia	61.65	35.65	1240K	0.136	146885	M
UzOO77	UzOO77_new	UzOO77_new	..	2018	MittnikNatureCommunications2018	..	7200	5500-5000 BCE	EHG	Yuzhnyy Oleni Ostrov, Karelia	Russia	..	..	1240K	0.778745	533249	F
I0011	I0011	Motala1	tooth	2015	MathiesonNature2015 (1240k of same same sample with 390k in HaakLazaridis2015)	Krause, Johannes	7569	5721-5516 calBCE (6701¬±64 BP, Ua-42116)	Sweden_Motala_HG	Motala, Kanaljorden	Sweden	58.535	15.046	1240K	1.03	621320	F
I0012	I0012	Motala2	tooth	2015	MathiesonNature2015 (1240k of same same sample with 390k in HaakLazaridis2015)	Krause, Johannes	7595	5714-5575 calBCE (6734¬±30 BP, Ua-51722)	Sweden_Motala_HG	Motala, Kanaljorden	Sweden	58.535	15.046	1240K	1.756	787312	M
I0013	I0013	Motala3	tooth	2015	MathiesonNature2015 (1240k of same same sample with 390k in HaakLazaridis2015)	Krause, Johannes	7751	5964-5638 calBCE (6877¬±69 BP, Ua-42117)	Sweden_Motala_HG	Motala, Kanaljorden	Sweden	58.535	15.046	1240K	0.657	318346	M
I0014	I0014	Motala4	tooth	2015	MathiesonNature2015 (1240k of same same sample with 390k in HaakLazaridis2015)	Krause, Johannes	7703	5877-5629 calBCE (6842¬±68 BP, Ua-42118)	Sweden_Motala_HG	Motala, Kanaljorden	Sweden	58.535	15.046	1240K	2.709	739313	F
I0015	I0015	Motala6	tooth	2015	MathiesonNature2015 (1240k of same same sample with 390k in HaakLazaridis2015)	Krause, Johannes	7747	5964-5629 calBCE (6863¬±75 BP, Ua-42120)	Sweden_Motala_HG	Motala, Kanaljorden	Sweden	58.535	15.046	1240K	1.562	600144	M
I0017	I0017	Motala12	tooth	2014	MathiesonNature2015 (1240k of same same sample with 390k in HaakLazaridis2015)	Krause, Johannes	7626	5721-5631 calBCE (6773¬±30 BP, Ua-51723)	Sweden_Motala_HG	Motala, Kanaljorden	Sweden	58.535	15.046	1240K	4.391	920441	M
MotalaAA	MotalaAA	MotalaAA	..	2018	MittnikNatureCommunications2018	..	7593	5722-5564 calBCE(6735¬±44 BP, Ua-42645)	Sweden_Motala_HG	Motala, Kanaljorden	Sweden	58.535	15.046	1240K	0.052495	56448	F
I4657_published	I4657	VLSC_1G/3	bone	2018	MathiesonNature2018	Pinhasi, Ron	11465	9755-9275 calBCE (9942¬±66 BP, PSUAMS-2294 corrected for freshwater marine reservoir effect with Method 1 of Cook et al. 2002 with the modifications recommended by Cook et al. 2011)	Serbia_Iron_Gates_HG	Vlasac	Serbia	44.53368	22.05032	1240K	0.028	31983	F
I4660	I4660	VLSC_51B	bone (long bone)	2018	MathiesonNature2018	Pinhasi, Ron	9713	7940-7585 calBCE (8676¬±58 BP, PSUAMS-2296 corrected for freshwater marine reservoir effect with Method 1 of Cook et al. 2002 with the modifications recommended by Cook et al. 2011)	Serbia_Iron_Gates_HG	Vlasac	Serbia	44.53368	22.05032	1240K	0.068425	77342	F
I4870	I4870	VLSC_45	tooth (molar)	2018	MathiesonNature2018	Pinhasi, Ron	8740	7045-6535 calBCE (7870¬±78 BP, PSUAMS-2295 corrected for freshwater marine reservoir effect with Method 1 of Cook et al. 2002 with the modifications recommended by Cook et al. 2011)	Serbia_Iron_Gates_HG	Vlasac	Serbia	44.53368	22.05032	1240K	0.858957	619637	M
I4871	I4871	VLSC_80A	tooth (molar)	2018	MathiesonNature2018	Pinhasi, Ron	8450	7100-5900 BCE	Serbia_Iron_Gates_HG	Vlasac	Serbia	44.53368	22.05032	1240K	0.669	507099	F
I4872	I4872	VLSC_9	tooth (molar)	2018	MathiesonNature2018	Pinhasi, Ron	8450	7100-5900 BCE	Serbia_Iron_Gates_HG	Vlasac	Serbia	44.53368	22.05032	1240K	0.367	335500	F
I4873	I4873	VLSC_H53	petrous	2018	MathiesonNature2018	Pinhasi, Ron	7872	6006-5838 calBCE (7035¬±40 BP, OxA-16544)	Serbia_Iron_Gates_HG	Vlasac	Serbia	44.53368	22.05032	1240K	4.236	803852	F
I4874	I4874	VLSC_H232	petrous	2018	MathiesonNature2018	Pinhasi, Ron	8506	6636-6476 calBCE (7725¬±40 BP, OxA-20702)	Serbia_Iron_Gates_HG	Vlasac	Serbia	44.53368	22.05032	1240K	3.616	801500	F
I4875	I4875	VLSC_H267	petrous	2018	MathiesonNature2018	Pinhasi, Ron	8458	6615-6400 calBCE (7643¬±63 BP, PSUAMS-2380 corrected for freshwater marine reservoir effect with Method 1 of Cook et al. 2002 with the modifications recommended by Cook et al. 2011)	Serbia_Iron_Gates_HG	Vlasac	Serbia	44.53368	22.05032	1240K	4.858	815491	F
I4876	I4876	VLSC_H317	petrous	2018	MathiesonNature2018	Pinhasi, Ron	8455	6635-6375 calBCE (7625¬±71 BP, PSUAMS-2381 corrected for freshwater marine reservoir effect with Method 1 of Cook et al. 2002 with the modifications recommended by Cook et al. 2011)	Serbia_Iron_Gates_HG	Vlasac	Serbia	44.53368	22.05032	1240K	3.368	802136	F
I4877	I4877	VLSC_H327	petrous	2018	MathiesonNature2018	Pinhasi, Ron	8505	6645-6465 calBCE (7728¬±51 BP, PSUAMS-2382 corrected for freshwater marine reservoir effect with Method 1 of Cook et al. 2002 with the modifications recommended by Cook et al. 2011)	Serbia_Iron_Gates_HG	Vlasac	Serbia	44.53368	22.05032	1240K	4.63	817983	F
I4878	I4878	VLSC_U21	petrous	2018	MathiesonNature2018	Pinhasi, Ron	7803	5995-5710 calBCE (6955¬±76 BP, PSUAMS-2383 corrected for freshwater marine reservoir effect with Method 1 of Cook et al. 2002 with the modifications recommended by Cook et al. 2011)	Serbia_Iron_Gates_HG	Vlasac	Serbia	44.53368	22.05032	1240K	4.608	816301	M
I4880	I4880	VLSC_U62	petrous	2018	MathiesonNature2018	Pinhasi, Ron	7813	6000-5725 calBCE (6979¬±75 BP, PSUAMS-2384 corrected for freshwater marine reservoir effect with Method 1 of Cook et al. 2002 with the modifications recommended by Cook et al. 2011)	Serbia_Iron_Gates_HG	Vlasac	Serbia	44.53368	22.05032	1240K	3.941	827165	M
I4881_published	I4881	VLSC_U64	petrous	2018	MathiesonNature2018	Pinhasi, Ron	8363	6570-6255 calBCE (7570¬±63 BP, PSUAMS-2385 corrected for freshwater marine reservoir effect with Method 1 of Cook et al. 2002 with the modifications recommended by Cook et al. 2011)	Serbia_Iron_Gates_HG	Vlasac	Serbia	44.53368	22.05032	1240K	3.221	841755	M
I4914_published	I4914	HJDK_19-20(1)	petrous	2018	MathiesonNature2018	Pinhasi, Ron	8123	6355-5990 calBCE (7264¬±80 BP, OxA-16941, on Burial 20 - skull]	Serbia_Iron_Gates_HG	Hajduka Vodenica	Serbia	44.640262	22.30333	1240K	2.94	824939	M
I4915	I4915	HJDK_21	petrous	2018	MathiesonNature2018	Pinhasi, Ron	8115	6340-5990 calBCE (7260¬±76 BP, PSUAMS-2360 corrected for freshwater marine reservoir effect with Method 1 of Cook et al. 2002 with the modifications recommended by Cook et al. 2011)	Serbia_Iron_Gates_HG	Hajduka Vodenica	Serbia	44.640262	22.30333	1240K	2.902	834938	M
I4916	I4916	HJDK_31	petrous	2018	MathiesonNature2018	Pinhasi, Ron	8763	7035-6590 calBCE (7874¬±72 BP, PSUAMS-2369 corrected for freshwater marine reservoir effect with Method 1 of Cook et al. 2002 with the modifications recommended by Cook et al. 2011)	Serbia_Iron_Gates_HG	Hajduka Vodenica	Serbia	44.640262	22.30333	1240K	2.577	804977	M
I4917	I4917	HJDK_33	petrous	2018	MathiesonNature2018	Pinhasi, Ron	8058	6220-5995 calBCE (7209¬±57 BP, PSUAMS-2374 corrected for freshwater marine reservoir effect with Method 1 of Cook et al. 2002 with the modifications recommended by Cook et al. 2011)	Serbia_Iron_Gates_HG	Hajduka Vodenica	Serbia	44.640262	22.30333	1240K	2.696	789618	F
I5233	I5233	PADN_5	petrous	2018	MathiesonNature2018	Pinhasi, Ron	8001	6224-5878 calBCE (7158¬±85 BP, AA-57770, corrected for Freshwater Reservoir Effect) 	Serbia_Iron_Gates_HG	Padina	Serbia	44.595879	22.010568	1240K	2.644	824280	F
I5234	I5234	PADN_6	petrous	2018	MathiesonNature2018	Pinhasi, Ron	9800	9500-6200 BCE	Serbia_Iron_Gates_HG	Padina	Serbia	44.595879	22.010568	1240K	1.362	708929	F
I5235	I5235	PADN_9	petrous	2018	MathiesonNature2018	Pinhasi, Ron	10835	9221-8548 calBCE (9480¬±110 BP, AA-57771, corrected for Freshwater Reservoir Effect) 	Serbia_Iron_Gates_HG	Padina	Serbia	44.595879	22.010568	1240K	2.977	838984	M
I5236	I5236	PADN_12	petrous	2018	MathiesonNature2018	Pinhasi, Ron	10008	8290-7825 calBCE (8943¬±77 BP, BM-1146)	Serbia_Iron_Gates_HG	Padina	Serbia	44.595879	22.010568	1240K	2.922	840166	M
I5237	I5237	PADN_14	petrous	2018	MathiesonNature2018	Pinhasi, Ron	9800	9500-6200 BCE	Serbia_Iron_Gates_HG	Padina	Serbia	44.595879	22.010568	1240K	3.088	842513	M
I5238	I5238	PADN_16a	petrous	2018	MathiesonNature2018	Pinhasi, Ron	9993	8265-7820 calBCE (8907¬±66 BP, PSUAMS-2407 corrected for freshwater marine reservoir effect with Method 1 of Cook et al. 2002 with the modifications recommended by Cook et al. 2011)	Serbia_Iron_Gates_HG	Padina	Serbia	44.595879	22.010568	1240K	2.696	823422	F
I5239	I5239	PADN_17	petrous	2018	MathiesonNature2018	Pinhasi, Ron	10333	8535-8230 calBCE (9105¬±62 BP, PSUAMS-2375 corrected for freshwater marine reservoir effect with Method 1 of Cook et al. 2002 with the modifications recommended by Cook et al. 2011)	Serbia_Iron_Gates_HG	Padina	Serbia	44.595879	22.010568	1240K	2.708	809534	F
I5240	I5240	PADN_22	petrous	2018	MathiesonNature2018	Pinhasi, Ron	10805	9140-8570 calBCE (9469¬±70 BP, PSUAMS-2377 corrected for freshwater marine reservoir effect with Method 1 of Cook et al. 2002 with the modifications recommended by Cook et al. 2011)	Serbia_Iron_Gates_HG	Padina	Serbia	44.595879	22.010568	1240K	2.675	826331	M
I5242	I5242	PADN_26	petrous	2018	MathiesonNature2018	Pinhasi, Ron	10530	8805-8355 calBCE (9363¬±64 BP, PSUAMS-2408 corrected for freshwater marine reservoir effect with Method 1 of Cook et al. 2002 with the modifications recommended by Cook et al. 2011)	Serbia_Iron_Gates_HG	Padina	Serbia	44.595879	22.010568	1240K	2.814	836819	F
I5244	I5244	PADN_18b	petrous	2018	MathiesonNature2018	Pinhasi, Ron	10785	9115-8555 calBCE (9424¬±55 BP, PSUAMS-2376 corrected for freshwater marine reservoir effect with Method 1 of Cook et al. 2002 with the modifications recommended by Cook et al. 2011)	Serbia_Iron_Gates_HG	Padina	Serbia	44.595879	22.010568	1240K	2.931	809448	F
I5401	I5401	HJDK_8	tooth (molar)	2018	MathiesonNature2018	Pinhasi, Ron	8838	7076-6699 calBCE (8016¬±58 BP, OxA-13613, corrected for Freshwater Reservoir Effect)	Serbia_Iron_Gates_HG	Hajduka Vodenica	Serbia	44.640262	22.30333	1240K	0.543	469437	M
I5402	I5402	HJDK_15(1)	tooth (molar)	2018	MathiesonNature2018	Pinhasi, Ron	8156	6361-6050 calBCE (7315¬±63 BP, OxA-16942, corrected for Freshwater Reservoir Effect)	Serbia_Iron_Gates_HG	Hajduka Vodenica	Serbia	44.640262	22.30333	1240K	1.68	823880	M
I5407	I5407	LEPI_126	tooth (incisor)	2018	MathiesonNature2018	Pinhasi, Ron	9800	8300-7400 BCE	Serbia_Iron_Gates_HG	Lepenski Vir	Serbia	44.552924	22.027563	1240K	2.163	850240	F
I5771	I5771	VLSC_6	tooth (molar)	2018	MathiesonNature2018	Pinhasi, Ron	8325	6500-6250 BCE	Serbia_Iron_Gates_HG	Vlasac	Serbia	44.53368	22.05032	1240K	0.249	231969	M
I5772	I5772	VLSC_16	tooth (molar)	2018	MathiesonNature2018	Pinhasi, Ron	8450	7100-5900 BCE	Serbia_Iron_Gates_HG	Vlasac	Serbia	44.53368	22.05032	1240K	0.701	446446	M
I5773_published	I5773	VLSC_17	tooth (molar)	2018	MathiesonNature2018	Pinhasi, Ron	10040	8240-7940 calBCE	Serbia_Iron_Gates_HG	Vlasac	Serbia	44.53368	22.05032	1240K	0.062	70981	M
Kivutkalns153	Kivutkalns153	Kivutkalns153	..	2018	MittnikNatureCommunications2018	..	2623	800-545 calBCE (2542¬±29 BP, Hela-3744)	Latvia_BA	Kivutkalns	Latvia	..	..	1240K	0.319192	250890	M
Kivutkalns164	Kivutkalns164	Kivutkalns164	..	2018	MittnikNatureCommunications2018	..	2510	730-390 calBCE (2385¬±30 BP, Hela-3739)	Latvia_BA	Kivutkalns	Latvia	..	..	1240K	0.089326	96665	M
Kivutkalns19	Kivutkalns19	Kivutkalns19	..	2018	MittnikNatureCommunications2018	..	2515	730-400 calBCE (2403¬±24 BP, Hela-3746)	Latvia_BA	Kivutkalns	Latvia	..	..	1240K	5.547381	928866	M
Kivutkalns194	Kivutkalns194	Kivutkalns194	..	2018	MittnikNatureCommunications2018	..	2268	405-230 calBCE (2298¬±28 BP, Hela-3737)	Latvia_BA	Kivutkalns	Latvia	..	..	1240K	0.147018	134448	M
Kivutkalns207	Kivutkalns207	Kivutkalns207	..	2018	MittnikNatureCommunications2018	..	2613	790-535 calBCE (2511¬±30 BP, Hela-3743)	Latvia_BA	Kivutkalns	Latvia	..	..	1240K	6.927471	926899	F
Kivutkalns209	Kivutkalns209	Kivutkalns209	..	2018	MittnikNatureCommunications2018	..	2628	805-550 calBCE [785-515 (2497¬±30 BP and Hela-3741), 805-550 calBCE (2556¬±30 BP, Hela-3742)]	Latvia_BA	Kivutkalns	Latvia	..	..	1240K	2.149451	833675	M
Kivutkalns215	Kivutkalns215	Kivutkalns215	..	2018	MittnikNatureCommunications2018	..	2543	760-425 calBCE (2462¬±27 BP, Hela-3745)	Latvia_BA	Kivutkalns	Latvia	..	..	1240K	2.622845	860087	F
Kivutkalns222	Kivutkalns222	Kivutkalns222	..	2018	MittnikNatureCommunications2018	..	2523	745-400 calBCE (2423¬±26 BP, Hela-3736)	Latvia_BA	Kivutkalns	Latvia	..	..	1240K	1.226074	660810	M
Kivutkalns25	Kivutkalns25	Kivutkalns25	..	2018	MittnikNatureCommunications2018	..	2623	800-545 calBCE (2545¬±30 BP, Hela-3738)	Latvia_BA	Kivutkalns	Latvia	..	..	1240K	1.504922	703010	M
Kivutkalns42	Kivutkalns42	Kivutkalns42	..	2018	MittnikNatureCommunications2018	..	2635	810-560 calBCE (2573¬±30 BP, Hela-3740)	Latvia_BA	Kivutkalns	Latvia	..	..	1240K	1.060598	591185	F
ajv28	ajv28	gr. 28	temporal bone	2020	CoutinhoAJPA2020	..	4732	2894-2670 calBCE (4265±33, Ua-57848)	PittedWare	Gotland	Sweden	..	..	Shotgun	..	803019	F
ajv36	ajv36	gr. 36	tooth	2020	CoutinhoAJPA2020	..	4892	3011-2873 calBCE (4355±33, Ua-57849)	PittedWare	Gotland	Sweden	..	..	Shotgun	..	651174	F
hem001	hem001	gr. 2	tooth	2020	CoutinhoAJPA2020	..	4894	3011-2877 calBCE (4361±34, Ua-57851)	PittedWare	Gotland	Sweden	..	..	Shotgun	..	192112	M
hem004	hem004	Ind. 3	tooth	2020	CoutinhoAJPA2020	..	5059.5	3307-2912 calBCE (4472±33, Ua-57852)	PittedWare	Gotland	Sweden	..	..	Shotgun	..	598290	M
hem005	hem005	Skel. 2	tooth	2020	CoutinhoAJPA2020	..	5131.5	3339-3024 calBCE (4537±34, Ua-57853)	PittedWare	Gotland	Sweden	..	..	Shotgun	..	1081232	F
vbj001	vbj001	gr. 24	temporal bone, molar	2020	CoutinhoAJPA2020	..	4617.5	2862-2473 calBCE (4135±50, Ua-19395)	PittedWare	Gotland	Sweden	..	..	Shotgun	..	982839	F
vbj002	vbj002	gr. 83	temporal bone, molar	2020	CoutinhoAJPA2020	..	4707	2882-2632 calBCE (4236±33, Ua-57855)	PittedWare	Gotland	Sweden	..	..	Shotgun	..	18999	F
vbj003	vbj003	gr. 22	temporal bone	2020	CoutinhoAJPA2020	..	4756	2914-2698 calBCE (4306±33, Ua-57856)	PittedWare	Gotland	Sweden	..	..	Shotgun	..	32478	F
vbj006	vbj006	gr. 82	tooth	2020	CoutinhoAJPA2020	..	4762.5	2920-2705 calBCE (4323±34, Ua-57857)	PittedWare	Gotland	Sweden	..	..	Shotgun	..	939787	M
vbj007	vbj007	gr. 84	molar	2020	CoutinhoAJPA2020	..	4373	2549-2297 calBCE (3995±33, Ua-57858)	PittedWare	Gotland	Sweden	..	..	Shotgun	..	65153	M
vbj008	vbj008	gr. 12	tooth	2020	CoutinhoAJPA2020	..	4616	2864-2468 calBCE (4125±55, Ua-19402)	PittedWare	Gotland	Sweden	..	..	Shotgun	..	569734	M
vbj012	vbj012	gr. 39	temporal bone, canine	2020	CoutinhoAJPA2020	..	4894.5	3011-2878 calBCE (4366±33, Ua-57859)	PittedWare	Gotland	Sweden	..	..	Shotgun	..	924120	M
vbj013	vbj013	gr. 5	temporal bone, canine	2020	CoutinhoAJPA2020	..	4707	2883-2631 calBCE (4236±34, Ua-57860)	PittedWare	Gotland	Sweden	..	..	Shotgun	..	1000952	M
vbj014	vbj014	gr. 65	molar	2020	CoutinhoAJPA2020	..	4712.5	2899-2626 calBCE (4260±50, Ua-19396)	PittedWare	Gotland	Sweden	..	..	Shotgun	..	52209	M
vbj015	vbj015	gr. 36	clavicle, canine	2020	CoutinhoAJPA2020	..	4751	2908-2694 calBCE (4294±33, Ua-57861)	PittedWare	Gotland	Sweden	..	..	Shotgun	..	13545	M
vbj017	vbj017	gr. 76	canine	2020	CoutinhoAJPA2020	..	4724	2917-2631 calBCE (4290±55, Ua-19399)	PittedWare	Gotland	Sweden	..	..	Shotgun	..	89225	M
vbj018	vbj018	gr. 68	premolar, molar	2020	CoutinhoAJPA2020	..	4752	2910-2694 calBCE (4296±34, Ua-57862)	PittedWare	Gotland	Sweden	..	..	Shotgun	..	360893	M
vbj004	vbj004	gr. 88	tooth	2020	CoutinhoAJPA2020	..	4635.5	2875-2496 calBCE (4175±55, Ua-19405)	PittedWare	Gotland	Sweden	..	..	Shotgun	..	1199987	F
